,Game,Team,Unnamed: 2,TOI,CF,CA,CF%,FF,FA,FF%,SF,SA,SF%,GF,GA,GF%,xGF,xGA,xGF%,SCF,SCA,SCF%,HDCF,HDCA,HDCF%,HDSF,HDSA,HDSF%,HDGF,HDGA,HDGF%,HDSH%,HDSV%,MDCF,MDCA,MDCF%,MDSF,MDSA,MDSF%,MDGF,MDGA,MDGF%,MDSH%,MDSV%,LDCF,LDCA,LDCF%,LDSF,LDSA,LDSF%,LDGF,LDGA,LDGF%,LDSH%,LDSV%,SH%,SV%,PDO,Attendance
0,"2019-10-02 - Senators 3, Maple Leafs 5",Ottawa Senators,Limited ReportFull Report,44.133333333333,39.73,57.37,40.92,32.18,43.51,42.52,21.34,31.8,40.16,3.07,3.8,44.73,1.32,2.08,38.89,17.11,21.2,44.67,3.0,5.52,35.21,2.01,4.67,30.02,2.08,2.8,42.62,103.78,40.07,13.95,15.86,46.8,8.21,6.93,54.21,1.06,0.0,100.00,12.89,100.00,16.39,33.71,32.71,9.39,19.34,32.69,0.0,1.07,0.00,0.0,94.48,14.4,88.06,1.025,19612
1,"2019-10-02 - Senators 3, Maple Leafs 5",Toronto Maple Leafs,Limited ReportFull Report,44.133333333333,57.37,39.73,59.08,43.51,32.18,57.48,31.8,21.34,59.84,3.8,3.07,55.27,2.08,1.32,61.11,21.2,17.11,55.33,5.52,3.0,64.79,4.67,2.01,69.98,2.8,2.08,57.38,59.93,-3.78,15.86,13.95,53.2,6.93,8.21,45.79,0.0,1.06,0.00,0.00,87.11,33.71,16.39,67.29,19.34,9.39,67.31,1.07,0.0,100.00,5.52,100.0,11.94,85.6,0.975,19612
2,"2019-10-02 - Capitals 3, Blues 2",Washington Capitals,Limited ReportFull Report,50.866666666667,40.03,28.34,58.55,33.18,23.04,59.03,24.1,16.96,58.69,1.01,0.94,51.81,1.76,1.05,62.58,23.63,13.62,63.44,4.2,3.8,52.48,3.1,3.85,44.62,0.0,0.94,0.00,0.00,75.52,19.14,9.94,65.82,13.21,6.85,65.85,1.02,0.0,100.00,7.74,100.00,14.91,12.55,54.3,6.92,5.29,56.64,0.0,0.0,-,0.0,100.0,4.21,94.44,0.986,18096
3,"2019-10-02 - Capitals 3, Blues 2",St Louis Blues,Limited ReportFull Report,50.866666666667,28.34,40.03,41.45,23.04,33.18,40.97,16.96,24.1,41.31,0.94,1.01,48.19,1.05,1.76,37.42,13.62,23.63,36.56,3.8,4.2,47.52,3.85,3.1,55.38,0.94,0.0,100.00,24.48,100.00,9.94,19.14,34.18,6.85,13.21,34.15,0.0,1.02,0.00,0.00,92.26,12.55,14.91,45.7,5.29,6.92,43.36,0.0,0.0,-,0.0,100.0,5.56,95.79,1.014,18096
4,"2019-10-02 - Canucks 2, Oilers 3",Vancouver Canucks,Limited ReportFull Report,47.066666666667004,53.28,35.11,60.28,37.68,23.83,61.25,23.86,18.91,55.79,2.07,2.81,42.39,1.61,1.45,52.55,28.46,18.5,60.6,5.14,6.73,43.29,3.04,6.81,30.84,1.06,1.88,35.98,34.86,72.35,23.01,11.85,66.0,7.1,5.86,54.77,0.0,0.96,0.00,0.00,83.61,21.54,12.25,63.76,10.7,4.04,72.61,0.94,0.0,100.00,8.77,100.0,8.67,85.13,0.938,18347
5,"2019-10-02 - Canucks 2, Oilers 3",Edmonton Oilers,Limited ReportFull Report,47.066666666667004,35.11,53.28,39.72,23.83,37.68,38.75,18.91,23.86,44.21,2.81,2.07,57.61,1.45,1.61,47.45,18.5,28.46,39.4,6.73,5.14,56.71,6.81,3.04,69.16,1.88,1.06,64.02,27.65,65.14,11.85,23.01,34.0,5.86,7.1,45.23,0.96,0.0,100.00,16.39,100.00,12.25,21.54,36.24,4.04,10.7,27.39,0.0,0.94,0.00,0.0,91.23,14.87,91.33,1.062,18347
6,"2019-10-02 - Sharks 1, Golden Knights 4",San Jose Sharks,Limited ReportFull Report,45.666666666667005,30.58,47.75,39.04,22.88,39.53,36.66,15.09,24.51,38.1,1.01,1.98,33.91,0.95,2.39,28.48,9.79,27.97,25.92,3.02,12.18,19.87,1.05,9.22,10.26,0.0,1.98,0.00,0.00,78.53,6.61,16.06,29.14,2.92,8.25,26.17,1.02,0.0,100.00,35.00,100.00,19.12,17.49,52.23,8.82,6.68,56.92,0.0,0.0,-,0.0,100.0,6.72,91.93,0.987,18588
7,"2019-10-02 - Sharks 1, Golden Knights 4",Vegas Golden Knights,Limited ReportFull Report,45.666666666667005,47.75,30.58,60.96,39.53,22.88,63.34,24.51,15.09,61.9,1.98,1.01,66.09,2.39,0.95,71.52,27.97,9.79,74.08,12.18,3.02,80.13,9.22,1.05,89.74,1.98,0.0,100.00,21.47,100.00,16.06,6.61,70.86,8.25,2.92,73.83,0.0,1.02,0.00,0.00,65.00,17.49,19.12,47.77,6.68,8.82,43.08,0.0,0.0,-,0.0,100.0,8.07,93.28,1.013,18588
8,"2019-10-03 - Panthers 2, Lightning 5",Florida Panthers,Limited ReportFull Report,45.5,43.68,35.49,55.17,35.31,24.6,58.93,28.49,19.45,59.43,1.01,1.93,34.36,1.04,1.25,45.36,13.21,16.0,45.22,3.01,7.93,27.5,2.97,5.0,37.31,0.0,0.99,0.00,0.00,80.19,10.05,8.13,55.29,8.13,5.96,57.7,1.06,0.0,100.00,13.02,100.00,28.59,16.98,62.74,16.06,7.36,68.58,0.0,0.95,0.00,0.0,87.14,3.55,90.06,0.9359999999999999,19092
9,"2019-10-03 - Panthers 2, Lightning 5",Tampa Bay Lightning,Limited ReportFull Report,45.5,35.49,43.68,44.83,24.6,35.31,41.07,19.45,28.49,40.57,1.93,1.01,65.64,1.25,1.04,54.64,16.0,13.21,54.78,7.93,3.01,72.5,5.0,2.97,62.69,0.99,0.0,100.00,19.81,100.00,8.13,10.05,44.71,5.96,8.13,42.3,0.0,1.06,0.00,0.00,86.98,16.98,28.59,37.26,7.36,16.06,31.42,0.95,0.0,100.00,12.86,100.0,9.94,96.45,1.064,19092
10,"2019-10-03 - Jets 4, Rangers 6",Winnipeg Jets,Limited ReportFull Report,48.066666666667004,61.68,40.87,60.15,48.67,31.18,60.95,35.29,25.33,58.21,3.03,3.75,44.7,2.99,1.63,64.67,30.03,20.98,58.87,15.79,8.42,65.21,13.51,7.57,64.09,1.01,2.8,26.51,7.48,63.01,14.25,12.58,53.1,9.15,5.83,61.1,2.12,0.0,100.00,23.12,100.00,27.96,16.69,62.62,10.79,9.95,52.02,0.0,0.95,0.00,0.0,90.49,8.6,85.18,0.938,18006
11,"2019-10-03 - Jets 4, Rangers 6",New York Rangers,Limited ReportFull Report,48.066666666667004,40.87,61.68,39.85,31.18,48.67,39.05,25.33,35.29,41.79,3.75,3.03,55.3,1.63,2.99,35.33,20.98,30.03,41.13,8.42,15.79,34.79,7.57,13.51,35.91,2.8,1.01,73.49,36.99,92.52,12.58,14.25,46.9,5.83,9.15,38.9,0.0,2.12,0.00,0.00,76.88,16.69,27.96,37.38,9.95,10.79,47.98,0.95,0.0,100.00,9.51,100.0,14.82,91.4,1.062,18006
12,"2019-10-03 - Sabres 3, Penguins 1",Buffalo Sabres,Limited ReportFull Report,47.466666666667,59.18,35.48,62.52,40.3,24.22,62.46,34.56,17.22,66.75,2.13,0.0,100.0,2.56,0.79,76.43,32.93,13.44,71.01,12.17,0.88,93.24,12.12,0.89,93.19,1.08,0.0,100.00,8.92,100.00,21.05,12.37,62.98,11.81,3.71,76.12,1.05,0.0,100.00,8.91,100.00,20.47,16.9,54.77,8.46,9.02,48.39,0.0,0.0,-,0.0,100.0,6.17,100.0,1.062,18616
13,"2019-10-03 - Sabres 3, Penguins 1",Pittsburgh Penguins,Limited ReportFull Report,47.466666666667,35.48,59.18,37.48,24.22,40.3,37.54,17.22,34.56,33.25,0.0,2.13,0.0,0.79,2.56,23.57,13.44,32.93,28.99,0.88,12.17,6.76,0.89,12.12,6.81,0.0,1.08,0.00,0.00,91.08,12.37,21.05,37.02,3.71,11.81,23.88,0.0,1.05,0.00,0.00,91.09,16.9,20.47,45.23,9.02,8.46,51.61,0.0,0.0,-,0.0,100.0,0.0,93.83,0.938,18616
14,"2019-10-03 - Canadiens 3, Hurricanes 4",Montreal Canadiens,Limited ReportFull Report,49.316666666667004,51.34,57.83,47.03,40.12,47.1,46.0,27.64,33.69,45.06,2.07,1.87,52.55,1.96,2.87,40.63,17.61,28.48,38.21,9.58,14.98,39.0,6.32,10.41,37.77,2.07,1.86,52.66,32.73,82.14,8.04,13.41,37.5,6.07,6.76,47.32,0.0,0.0,-,0.00,100.00,28.62,27.09,51.37,13.26,15.43,46.22,0.0,0.0,-,0.0,100.0,7.48,94.46,1.0190000000000001,18680
15,"2019-10-03 - Canadiens 3, Hurricanes 4",Carolina Hurricanes,Limited ReportFull Report,49.316666666667004,57.83,51.34,52.97,47.1,40.12,54.0,33.69,27.64,54.94,1.87,2.07,47.45,2.87,1.96,59.37,28.48,17.61,61.79,14.98,9.58,61.0,10.41,6.32,62.23,1.86,2.07,47.34,17.86,67.27,13.41,8.04,62.5,6.76,6.07,52.68,0.0,0.0,-,0.00,100.00,27.09,28.62,48.63,15.43,13.26,53.78,0.0,0.0,-,0.0,100.0,5.54,92.52,0.981,18680
16,"2019-10-03 - Wild 2, Predators 5",Minnesota Wild,Limited ReportFull Report,50.48333333333299,38.84,55.0,41.39,29.52,40.87,41.94,21.57,24.0,47.34,1.06,3.8,21.76,1.07,1.7,38.6,16.95,17.5,49.19,4.96,5.7,46.56,4.9,5.76,45.97,0.0,3.79,0.00,0.00,34.17,11.8,11.93,49.72,8.02,5.88,57.69,0.0,0.0,-,0.00,100.00,19.39,34.42,36.04,8.85,12.49,41.48,1.05,0.0,100.00,11.9,100.0,4.9,84.17,0.8909999999999999,17455
17,"2019-10-03 - Wild 2, Predators 5",Nashville Predators,Limited ReportFull Report,50.48333333333299,55.0,38.84,58.61,40.87,29.52,58.06,24.0,21.57,52.66,3.8,1.06,78.24,1.7,1.07,61.4,17.5,16.95,50.81,5.7,4.96,53.44,5.76,4.9,54.03,3.79,0.0,100.00,65.83,100.00,11.93,11.8,50.28,5.88,8.02,42.31,0.0,0.0,-,0.00,100.00,34.42,19.39,63.96,12.49,8.85,58.52,0.0,1.05,0.00,0.0,88.1,15.83,95.1,1.109,17455
18,"2019-10-03 - Bruins 2, Stars 1",Boston Bruins,Limited ReportFull Report,47.6,42.86,35.04,55.02,27.75,26.69,50.98,18.66,18.84,49.77,1.06,0.95,52.62,1.28,0.96,57.17,21.21,16.86,55.71,5.6,5.26,51.58,5.59,3.49,61.54,0.0,0.93,0.00,0.00,73.39,15.93,11.36,58.38,6.48,5.54,53.89,0.0,0.0,-,0.00,100.00,14.53,14.06,50.83,5.52,7.94,41.02,1.05,0.0,100.00,19.09,100.0,5.66,94.95,1.006,18532
19,"2019-10-03 - Bruins 2, Stars 1",Dallas Stars,Limited ReportFull Report,47.6,35.04,42.86,44.98,26.69,27.75,49.02,18.84,18.66,50.23,0.95,1.06,47.38,0.96,1.28,42.83,16.86,21.21,44.29,5.26,5.6,48.42,3.49,5.59,38.46,0.93,0.0,100.00,26.61,100.00,11.36,15.93,41.62,5.54,6.48,46.11,0.0,0.0,-,0.00,100.00,14.06,14.53,49.17,7.94,5.52,58.98,0.0,1.05,0.00,0.0,80.91,5.05,94.34,0.9940000000000001,18532
20,"2019-10-03 - Flames 3, Avalanche 5",Calgary Flames,Limited ReportFull Report,42.15,45.74,40.44,53.08,33.55,28.94,53.68,21.67,21.95,49.68,1.01,1.89,34.96,1.72,1.62,51.6,21.3,21.52,49.74,9.34,7.73,54.72,5.14,5.86,46.73,0.0,0.94,0.00,0.00,83.94,11.84,13.92,45.96,6.04,8.85,40.58,1.02,0.95,51.90,16.94,89.28,19.1,14.29,57.21,8.53,7.08,54.62,0.0,0.0,-,0.0,100.0,4.68,91.4,0.961,18016
21,"2019-10-03 - Flames 3, Avalanche 5",Colorado Avalanche,Limited ReportFull Report,42.15,40.44,45.74,46.92,28.94,33.55,46.32,21.95,21.67,50.32,1.89,1.01,65.04,1.62,1.72,48.4,21.52,21.3,50.26,7.73,9.34,45.28,5.86,5.14,53.27,0.94,0.0,100.00,16.06,100.00,13.92,11.84,54.04,8.85,6.04,59.42,0.95,1.02,48.10,10.72,83.06,14.29,19.1,42.79,7.08,8.53,45.38,0.0,0.0,-,0.0,100.0,8.6,95.32,1.0390000000000001,18016
22,"2019-10-03 - Coyotes 1, Ducks 2",Arizona Coyotes,Limited ReportFull Report,53.966666666667,64.77,61.67,51.23,45.87,49.44,48.13,30.8,29.45,51.12,1.01,1.89,34.89,2.37,1.98,54.51,31.55,26.38,54.46,8.27,5.8,58.8,3.1,4.92,38.66,1.01,0.94,51.76,32.59,80.86,22.98,20.86,52.42,14.12,5.91,70.51,0.0,0.0,-,0.00,100.00,31.97,31.86,50.08,12.73,16.96,42.88,0.0,0.95,0.00,0.0,94.42,3.28,93.59,0.9690000000000001,17174
23,"2019-10-03 - Coyotes 1, Ducks 2",Anaheim Ducks,Limited ReportFull Report,53.966666666667,61.67,64.77,48.77,49.44,45.87,51.87,29.45,30.8,48.88,1.89,1.01,65.11,1.98,2.37,45.49,26.38,31.55,45.54,5.8,8.27,41.2,4.92,3.1,61.34,0.94,1.01,48.24,19.14,67.41,20.86,22.98,47.58,5.91,14.12,29.49,0.0,0.0,-,0.00,100.00,31.86,31.97,49.92,16.96,12.73,57.12,0.95,0.0,100.00,5.58,100.0,6.41,96.72,1.031,17174
24,"2019-10-04 - Jets 5, Devils 4",Winnipeg Jets,Limited ReportFull Report,52.0,38.98,46.35,45.68,34.08,40.6,45.64,25.4,30.45,45.48,4.03,3.91,50.76,1.73,2.12,45.05,25.6,19.22,57.12,8.12,9.91,45.01,2.98,6.1,32.8,1.02,1.93,34.61,34.31,68.36,17.12,9.33,64.72,13.67,7.17,65.58,2.08,1.0,67.49,15.23,86.03,14.33,24.5,36.9,8.81,16.33,35.04,0.94,1.07,46.78,10.66,93.46,15.88,87.15,1.03,16514
25,"2019-10-04 - Jets 5, Devils 4",New Jersey Devils,Limited ReportFull Report,52.0,46.35,38.98,54.32,40.6,34.08,54.36,30.45,25.4,54.52,3.91,4.03,49.24,2.12,1.73,54.95,19.22,25.6,42.88,9.91,8.12,54.99,6.1,2.98,67.2,1.93,1.02,65.39,31.64,65.69,9.33,17.12,35.28,7.17,13.67,34.42,1.0,2.08,32.51,13.97,84.77,24.5,14.33,63.1,16.33,8.81,64.96,1.07,0.94,53.22,6.54,89.34,12.85,84.12,0.97,16514
26,"2019-10-04 - Capitals 2, Islanders 1",Washington Capitals,Limited ReportFull Report,54.133333333333,56.57,33.68,62.68,38.56,26.23,59.52,27.63,19.83,58.22,1.06,0.92,53.35,2.24,1.13,66.42,31.31,16.73,65.17,8.78,4.57,65.77,5.45,3.72,59.39,0.0,0.0,-,0.00,100.00,22.64,12.13,65.11,12.64,7.64,62.33,1.05,0.0,100.00,8.32,100.00,23.12,15.92,59.22,7.36,7.45,49.69,0.0,0.89,0.00,0.0,88.07,3.82,95.34,0.992,13917
27,"2019-10-04 - Capitals 2, Islanders 1",New York Islanders,Limited ReportFull Report,54.133333333333,33.68,56.57,37.32,26.23,38.56,40.48,19.83,27.63,41.78,0.92,1.06,46.65,1.13,2.24,33.58,16.73,31.31,34.83,4.57,8.78,34.23,3.72,5.45,40.61,0.0,0.0,-,0.00,100.00,12.13,22.64,34.89,7.64,12.64,37.67,0.0,1.05,0.00,0.00,91.68,15.92,23.12,40.78,7.45,7.36,50.31,0.89,0.0,100.00,11.93,100.0,4.66,96.18,1.008,13917
28,"2019-10-04 - Maple Leafs 4, Blue Jackets 1",Toronto Maple Leafs,Limited ReportFull Report,43.916666666667005,44.05,36.63,54.6,26.28,27.99,48.42,20.6,20.81,49.74,1.08,0.0,100.0,1.26,1.51,45.43,13.24,16.06,45.2,4.44,5.26,45.81,4.43,3.49,55.93,0.0,0.0,-,0.00,100.00,8.93,10.61,45.7,5.37,8.3,39.28,0.0,0.0,-,0.00,100.00,23.12,14.69,61.15,10.81,7.39,59.39,1.11,0.0,100.00,10.28,100.0,5.22,100.0,1.052,18776
29,"2019-10-04 - Maple Leafs 4, Blue Jackets 1",Columbus Blue Jackets,Limited ReportFull Report,43.916666666667005,36.63,44.05,45.4,27.99,26.28,51.58,20.81,20.6,50.26,0.0,1.08,0.0,1.51,1.26,54.57,16.06,13.24,54.8,5.26,4.44,54.19,3.49,4.43,44.07,0.0,0.0,-,0.00,100.00,10.61,8.93,54.3,8.3,5.37,60.72,0.0,0.0,-,0.00,100.00,14.69,23.12,38.85,7.39,10.81,40.61,0.0,1.11,0.00,0.0,89.72,0.0,94.78,0.948,18776
30,"2019-10-04 - Blackhawks 3, Flyers 4",Chicago Blackhawks,Limited ReportFull Report,50.01666666666701,40.49,56.92,41.56,27.88,46.44,37.52,24.84,32.41,43.39,1.01,1.93,34.36,1.41,2.29,38.17,14.43,30.68,31.99,4.14,11.75,26.04,4.09,7.98,33.89,1.01,0.99,50.51,24.70,87.59,10.18,19.15,34.71,9.18,9.95,47.98,0.0,0.95,0.00,0.00,90.47,19.42,22.35,46.49,8.53,13.24,39.17,0.0,0.0,-,0.0,100.0,4.07,94.04,0.981,17463
31,"2019-10-04 - Blackhawks 3, Flyers 4",Philadelphia Flyers,Limited ReportFull Report,50.01666666666701,56.92,40.49,58.44,46.44,27.88,62.48,32.41,24.84,56.61,1.93,1.01,65.64,2.29,1.41,61.83,30.68,14.43,68.01,11.75,4.14,73.96,7.98,4.09,66.11,0.99,1.01,49.49,12.41,75.30,19.15,10.18,65.29,9.95,9.18,52.02,0.95,0.0,100.00,9.53,100.00,22.35,19.42,53.51,13.24,8.53,60.83,0.0,0.0,-,0.0,100.0,5.96,95.93,1.0190000000000001,17463
32,"2019-10-04 - Golden Knights 5, Sharks 1",Vegas Golden Knights,Limited ReportFull Report,45.23333333333299,45.18,32.96,57.82,29.05,28.9,50.13,23.34,20.06,53.77,3.22,0.92,77.81,2.24,2.01,52.7,23.45,20.03,53.93,13.35,8.43,61.3,12.26,7.57,61.81,3.23,0.91,78.08,26.38,88.01,10.32,11.36,47.62,4.41,4.5,49.51,0.0,0.0,-,0.00,100.00,15.87,11.31,58.39,2.35,6.9,25.38,0.0,0.0,-,0.0,100.0,13.78,95.43,1.092,17562
33,"2019-10-04 - Golden Knights 5, Sharks 1",San Jose Sharks,Limited ReportFull Report,45.23333333333299,32.96,45.18,42.18,28.9,29.05,49.87,20.06,23.34,46.23,0.92,3.22,22.19,2.01,2.24,47.3,20.03,23.45,46.07,8.43,13.35,38.7,7.57,12.26,38.19,0.91,3.23,21.92,11.99,73.62,11.36,10.32,52.38,4.5,4.41,50.49,0.0,0.0,-,0.00,100.00,11.31,15.87,41.61,6.9,2.35,74.62,0.0,0.0,-,0.0,100.0,4.57,86.22,0.9079999999999999,17562
34,"2019-10-05 - Devils 2, Sabres 7",New Jersey Devils,Limited ReportFull Report,49.366666666667,28.87,49.77,36.71,21.13,39.35,34.93,13.85,28.7,32.55,2.02,3.97,33.73,1.26,1.85,40.55,11.44,18.65,38.03,4.89,8.15,37.5,3.87,8.27,31.88,1.04,0.98,51.44,26.78,88.17,6.41,10.58,37.73,2.82,7.07,28.49,1.0,1.92,34.21,35.41,72.87,15.97,30.64,34.27,5.22,13.38,28.06,0.0,1.06,0.00,0.0,92.07,14.58,86.18,1.008,19070
35,"2019-10-05 - Devils 2, Sabres 7",Buffalo Sabres,Limited ReportFull Report,49.366666666667,49.77,28.87,63.29,39.35,21.13,65.07,28.7,13.85,67.45,3.97,2.02,66.27,1.85,1.26,59.45,18.65,11.44,61.97,8.15,4.89,62.5,8.27,3.87,68.12,0.98,1.04,48.56,11.83,73.22,10.58,6.41,62.27,7.07,2.82,71.51,1.92,1.0,65.79,27.13,64.59,30.64,15.97,65.73,13.38,5.22,71.94,1.06,0.0,100.00,7.93,100.0,13.82,85.42,0.992,19070
36,"2019-10-05 - Canadiens 6, Maple Leafs 5",Montreal Canadiens,Limited ReportFull Report,47.783333333333,56.46,42.59,57.0,44.3,33.24,57.13,30.36,22.22,57.74,4.13,2.86,59.13,2.6,1.37,65.57,30.57,20.87,59.42,8.43,2.83,74.88,5.25,0.95,84.73,2.12,0.94,69.22,40.33,0.48,21.77,18.45,54.12,12.93,9.99,56.4,1.02,0.94,52.07,7.91,90.57,25.39,19.25,56.88,12.2,11.32,51.88,0.94,0.89,51.36,7.69,92.14,13.61,87.15,1.008,19547
37,"2019-10-05 - Canadiens 6, Maple Leafs 5",Toronto Maple Leafs,Limited ReportFull Report,47.783333333333,42.59,56.46,43.0,33.24,44.3,42.87,22.22,30.36,42.26,2.86,4.13,40.87,1.37,2.6,34.43,20.87,30.57,40.58,2.83,8.43,25.12,0.95,5.25,15.27,0.94,2.12,30.78,99.52,59.67,18.45,21.77,45.88,9.99,12.93,43.6,0.94,1.02,47.93,9.43,92.09,19.25,25.39,43.12,11.32,12.2,48.12,0.89,0.94,48.64,7.86,92.31,12.85,86.39,0.992,19547
38,"2019-10-05 - Rangers 4, Senators 1",New York Rangers,Limited ReportFull Report,46.116666666667,53.91,46.01,53.95,34.9,30.8,53.12,24.04,22.26,51.93,1.06,0.92,53.35,0.95,1.38,40.87,15.62,18.47,45.81,0.0,4.33,0.0,0.0,3.52,0.0,0.0,0.92,0.00,-,73.89,15.71,13.91,53.04,6.58,6.39,50.73,1.05,0.0,100.00,15.99,100.00,28.14,23.17,54.84,15.1,10.3,59.45,0.0,0.0,-,0.0,100.0,4.39,95.85,1.002,15135
39,"2019-10-05 - Rangers 4, Senators 1",Ottawa Senators,Limited ReportFull Report,46.116666666667,46.01,53.91,46.05,30.8,34.9,46.88,22.26,24.04,48.07,0.92,1.06,46.65,1.38,0.95,59.13,18.47,15.62,54.19,4.33,0.0,100.0,3.52,0.0,100.0,0.92,0.0,100.00,26.11,-,13.91,15.71,46.96,6.39,6.58,49.27,0.0,1.05,0.00,0.00,84.01,23.17,28.14,45.16,10.3,15.1,40.55,0.0,0.0,-,0.0,100.0,4.15,95.61,0.998,15135
40,"2019-10-05 - Lightning 3, Panthers 4",Tampa Bay Lightning,Limited ReportFull Report,51.1,39.99,35.08,53.27,30.29,31.78,48.8,27.31,22.65,54.66,2.02,1.97,50.59,2.83,1.31,68.36,20.98,19.01,52.47,11.11,4.98,69.05,9.91,4.02,71.13,1.02,0.96,51.46,10.31,76.03,9.88,14.29,40.87,9.06,10.04,47.44,1.02,0.98,51.15,11.29,90.27,15.54,14.34,52.01,8.55,7.34,53.79,0.0,0.0,-,0.0,100.0,7.39,91.3,0.987,17424
41,"2019-10-05 - Lightning 3, Panthers 4",Florida Panthers,Limited ReportFull Report,51.1,35.08,39.99,46.73,31.78,30.29,51.2,22.65,27.31,45.34,1.97,2.02,49.41,1.31,2.83,31.64,19.01,20.98,47.53,4.98,11.11,30.95,4.02,9.91,28.87,0.96,1.02,48.54,23.97,89.69,14.29,9.88,59.13,10.04,9.06,52.56,0.98,1.02,48.85,9.73,88.71,14.34,15.54,47.99,7.34,8.55,46.21,0.0,0.0,-,0.0,100.0,8.7,92.61,1.013,17424
42,"2019-10-05 - Blue Jackets 2, Penguins 7",Columbus Blue Jackets,Limited ReportFull Report,51.51666666666701,38.73,61.76,38.54,31.78,47.03,40.32,22.8,34.53,39.78,2.02,5.9,25.5,1.52,2.33,39.5,16.74,31.36,34.79,7.96,10.73,42.59,6.88,9.93,40.92,1.04,1.92,35.05,15.06,80.67,8.73,21.0,29.35,3.88,11.24,25.67,1.0,3.86,20.52,25.70,65.62,20.76,25.08,45.28,10.16,11.1,47.79,0.0,0.0,-,0.0,100.0,8.85,82.92,0.9179999999999999,18595
43,"2019-10-05 - Blue Jackets 2, Penguins 7",Pittsburgh Penguins,Limited ReportFull Report,51.51666666666701,61.76,38.73,61.46,47.03,31.78,59.68,34.53,22.8,60.22,5.9,2.02,74.5,2.33,1.52,60.5,31.36,16.74,65.21,10.73,7.96,57.41,9.93,6.88,59.08,1.92,1.04,64.95,19.33,84.94,21.0,8.73,70.65,11.24,3.88,74.33,3.86,1.0,79.48,34.38,74.30,25.08,20.76,54.72,11.1,10.16,52.21,0.0,0.0,-,0.0,100.0,17.08,91.15,1.082,18595
44,"2019-10-05 - Hurricanes 3, Capitals 2",Carolina Hurricanes,Limited ReportFull Report,41.716666666666995,30.67,44.1,41.02,25.06,32.92,43.22,16.97,19.13,47.0,1.01,1.93,34.36,1.47,1.65,47.14,16.24,18.53,46.69,7.18,5.8,55.33,7.09,4.92,59.05,1.01,0.99,50.51,14.24,79.87,9.02,12.89,41.16,5.09,4.93,50.79,0.0,0.95,0.00,0.00,80.79,14.83,24.26,37.93,4.98,8.31,37.47,0.0,0.0,-,0.0,100.0,5.96,89.9,0.9590000000000001,18573
45,"2019-10-05 - Hurricanes 3, Capitals 2",Washington Capitals,Limited ReportFull Report,41.716666666666995,44.1,30.67,58.98,32.92,25.06,56.78,19.13,16.97,53.0,1.93,1.01,65.64,1.65,1.47,52.86,18.53,16.24,53.31,5.8,7.18,44.67,4.92,7.09,40.95,0.99,1.01,49.49,20.13,85.76,12.89,9.02,58.84,4.93,5.09,49.21,0.95,0.0,100.00,19.21,100.00,24.26,14.83,62.07,8.31,4.98,62.53,0.0,0.0,-,0.0,100.0,10.1,94.04,1.041,18573
46,"2019-10-05 - Stars 2, Blues 3",Dallas Stars,Limited ReportFull Report,49.75,35.13,45.61,43.51,28.29,36.68,43.54,21.03,24.92,45.76,1.06,2.81,27.32,1.43,1.13,55.96,18.39,15.32,54.57,6.27,4.68,57.22,4.15,2.78,59.91,0.0,0.0,-,0.00,100.00,12.01,10.66,52.97,9.08,6.86,56.96,1.05,2.86,26.92,11.59,58.35,13.3,26.28,33.6,7.09,14.44,32.93,0.0,0.0,-,0.0,100.0,5.02,88.72,0.937,18096
47,"2019-10-05 - Stars 2, Blues 3",St Louis Blues,Limited ReportFull Report,49.75,45.61,35.13,56.49,36.68,28.29,56.46,24.92,21.03,54.24,2.81,1.06,72.68,1.13,1.43,44.04,15.32,18.39,45.43,4.68,6.27,42.78,2.78,4.15,40.09,0.0,0.0,-,0.00,100.00,10.66,12.01,47.03,6.86,9.08,43.04,2.86,1.05,73.08,41.65,88.41,26.28,13.3,66.4,14.44,7.09,67.07,0.0,0.0,-,0.0,100.0,11.28,94.98,1.063,18096
48,"2019-10-05 - Red Wings 5, Predators 3",Detroit Red Wings,Limited ReportFull Report,51.433333333332996,38.97,62.46,38.42,32.17,47.54,40.36,20.34,35.89,36.17,4.25,1.85,69.68,0.82,1.58,34.07,6.54,16.27,28.67,0.0,4.45,0.0,0.0,3.61,0.0,0.0,0.92,0.00,-,74.54,6.58,11.66,36.06,4.2,8.43,33.25,2.09,0.96,68.52,49.79,88.61,29.08,42.12,40.84,13.98,23.71,37.09,2.11,0.0,100.00,15.08,100.0,20.88,94.85,1.157,17539
49,"2019-10-05 - Red Wings 5, Predators 3",Nashville Predators,Limited ReportFull Report,51.433333333332996,62.46,38.97,61.58,47.54,32.17,59.64,35.89,20.34,63.83,1.85,4.25,30.32,1.58,0.82,65.93,16.27,6.54,71.33,4.45,0.0,100.0,3.61,0.0,100.0,0.92,0.0,100.00,25.46,-,11.66,6.58,63.94,8.43,4.2,66.75,0.96,2.09,31.48,11.39,50.21,42.12,29.08,59.16,23.71,13.98,62.91,0.0,2.11,0.00,0.0,84.92,5.15,79.12,0.843,17539
50,"2019-10-05 - Wild 2, Avalanche 4",Minnesota Wild,Limited ReportFull Report,40.416666666667,34.51,39.77,46.46,27.28,29.18,48.32,21.51,23.28,48.02,1.01,1.93,34.43,1.54,1.25,55.17,16.99,19.76,46.23,9.07,7.67,54.21,8.97,6.81,56.84,0.0,1.93,0.00,0.00,71.64,7.82,12.26,38.95,6.01,7.98,42.96,1.02,0.0,100.00,17.02,100.00,17.02,18.45,47.98,6.73,8.31,44.77,0.0,0.0,-,0.0,100.0,4.72,91.7,0.9640000000000001,17090
51,"2019-10-05 - Wild 2, Avalanche 4",Colorado Avalanche,Limited ReportFull Report,40.416666666667,39.77,34.51,53.54,29.18,27.28,51.68,23.28,21.51,51.98,1.93,1.01,65.57,1.25,1.54,44.83,19.76,16.99,53.77,7.67,9.07,45.79,6.81,8.97,43.16,1.93,0.0,100.00,28.36,100.00,12.26,7.82,61.05,7.98,6.01,57.04,0.0,1.02,0.00,0.00,82.98,18.45,17.02,52.02,8.31,6.73,55.23,0.0,0.0,-,0.0,100.0,8.3,95.28,1.036,17090
52,"2019-10-05 - Bruins 1, Coyotes 0",Boston Bruins,Limited ReportFull Report,49.066666666667004,54.3,45.79,54.25,35.8,36.07,49.81,23.65,26.9,46.79,1.06,0.0,100.0,1.41,1.78,44.14,24.96,25.51,49.46,8.89,10.8,45.13,5.51,7.21,43.3,0.0,0.0,-,0.00,100.00,16.19,14.44,52.85,5.27,7.51,41.24,1.05,0.0,100.00,19.95,100.00,23.87,18.51,56.33,10.84,11.22,49.13,0.0,0.0,-,0.0,100.0,4.47,100.0,1.045,17125
53,"2019-10-05 - Bruins 1, Coyotes 0",Arizona Coyotes,Limited ReportFull Report,49.066666666667004,45.79,54.3,45.75,36.07,35.8,50.19,26.9,23.65,53.21,0.0,1.06,0.0,1.78,1.41,55.86,25.51,24.96,50.54,10.8,8.89,54.87,7.21,5.51,56.7,0.0,0.0,-,0.00,100.00,14.44,16.19,47.15,7.51,5.27,58.76,0.0,1.05,0.00,0.00,80.05,18.51,23.87,43.67,11.22,10.84,50.87,0.0,0.0,-,0.0,100.0,0.0,95.53,0.955,17125
54,"2019-10-05 - Canucks 0, Flames 3",Vancouver Canucks,Limited ReportFull Report,40.533333333333005,37.62,39.63,48.7,24.9,34.01,42.27,15.42,23.93,39.19,0.0,1.93,0.0,1.11,1.4,44.21,15.78,17.98,46.74,3.04,3.82,44.36,1.05,3.86,21.43,0.0,0.94,0.00,0.00,75.63,12.42,14.47,46.19,7.96,8.12,49.51,0.0,0.94,0.00,0.00,88.40,17.63,16.91,51.05,6.33,9.9,39.0,0.0,0.0,-,0.0,100.0,0.0,91.92,0.919,19005
55,"2019-10-05 - Canucks 0, Flames 3",Calgary Flames,Limited ReportFull Report,40.533333333333005,39.63,37.62,51.3,34.01,24.9,57.73,23.93,15.42,60.81,1.93,0.0,100.0,1.4,1.11,55.79,17.98,15.78,53.26,3.82,3.04,55.64,3.86,1.05,78.57,0.94,0.0,100.00,24.37,100.00,14.47,12.42,53.81,8.12,7.96,50.49,0.94,0.0,100.00,11.60,100.00,16.91,17.63,48.95,9.9,6.33,61.0,0.0,0.0,-,0.0,100.0,8.08,100.0,1.081,19005
56,"2019-10-05 - Kings 5, Oilers 6",Los Angeles Kings,Limited ReportFull Report,44.083333333332995,41.08,34.24,54.54,29.8,24.56,54.81,23.53,19.96,54.1,4.18,2.79,59.97,1.85,1.55,54.39,19.1,16.95,52.99,9.69,9.2,51.29,6.44,6.51,49.75,1.06,1.86,36.28,16.43,71.42,9.5,7.67,55.33,6.23,1.9,76.64,2.1,0.96,68.65,33.76,49.43,17.97,15.2,54.19,8.76,11.48,43.28,0.94,0.0,100.00,10.71,100.0,17.77,86.01,1.038,18347
57,"2019-10-05 - Kings 5, Oilers 6",Edmonton Oilers,Limited ReportFull Report,44.083333333332995,34.24,41.08,45.46,24.56,29.8,45.19,19.96,23.53,45.9,2.79,4.18,40.03,1.55,1.85,45.61,16.95,19.1,47.01,9.2,9.69,48.71,6.51,6.44,50.25,1.86,1.06,63.72,28.58,83.57,7.67,9.5,44.67,1.9,6.23,23.36,0.96,2.1,31.35,50.57,66.24,15.2,17.97,45.81,11.48,8.76,56.72,0.0,0.94,0.00,0.0,89.29,13.99,82.23,0.9620000000000001,18347
58,"2019-10-05 - Sharks 1, Ducks 3",San Jose Sharks,Limited ReportFull Report,46.866666666667,43.79,48.61,47.39,30.9,40.62,43.2,22.98,24.99,47.9,1.01,2.88,26.02,1.37,1.85,42.6,19.96,31.23,38.99,4.97,6.88,41.93,4.91,4.94,49.85,0.0,0.94,0.00,0.00,80.92,14.73,24.82,37.24,5.99,14.1,29.8,1.06,1.89,35.89,17.68,86.60,21.53,16.21,57.05,10.95,5.55,66.35,0.0,0.0,-,0.0,100.0,4.4,88.49,0.929,15795
59,"2019-10-05 - Sharks 1, Ducks 3",Anaheim Ducks,Limited ReportFull Report,46.866666666667,48.61,43.79,52.61,40.62,30.9,56.8,24.99,22.98,52.1,2.88,1.01,73.98,1.85,1.37,57.4,31.23,19.96,61.01,6.88,4.97,58.07,4.94,4.91,50.15,0.94,0.0,100.00,19.08,100.00,24.82,14.73,62.76,14.1,5.99,70.2,1.89,1.06,64.11,13.40,82.32,16.21,21.53,42.95,5.55,10.95,33.65,0.0,0.0,-,0.0,100.0,11.51,95.6,1.071,15795
60,"2019-10-06 - Lightning 3, Hurricanes 4",Tampa Bay Lightning,Limited ReportFull Report,48.8,28.38,63.92,30.75,19.48,49.68,28.17,12.79,33.03,27.91,2.09,0.94,68.87,1.1,2.71,28.85,13.11,31.8,29.2,4.42,13.47,24.69,4.39,12.6,25.86,0.0,0.0,-,0.00,100.00,8.81,18.01,32.86,2.1,7.49,21.91,1.04,0.0,100.00,49.49,100.00,14.06,26.87,34.35,6.34,10.93,36.71,0.94,0.95,49.79,14.79,91.35,16.32,97.14,1.135,14125
61,"2019-10-06 - Lightning 3, Hurricanes 4",Carolina Hurricanes,Limited ReportFull Report,48.8,63.92,28.38,69.25,49.68,19.48,71.83,33.03,12.79,72.09,0.94,2.09,31.13,2.71,1.1,71.15,31.8,13.11,70.8,13.47,4.42,75.31,12.6,4.39,74.14,0.0,0.0,-,0.00,100.00,18.01,8.81,67.14,7.49,2.1,78.09,0.0,1.04,0.00,0.00,50.51,26.87,14.06,65.65,10.93,6.34,63.29,0.95,0.94,50.21,8.65,85.21,2.86,83.68,0.865,14125
62,"2019-10-06 - Stars 3, Red Wings 4",Dallas Stars,Limited ReportFull Report,41.066666666667,25.06,31.42,44.37,19.81,26.2,43.06,17.67,23.66,42.76,3.14,2.81,52.8,1.44,1.53,48.49,16.9,13.02,56.49,4.2,5.56,43.04,3.1,5.62,35.56,1.01,1.86,35.20,32.59,66.89,12.69,7.35,63.31,9.4,5.72,62.19,2.09,0.95,68.81,22.24,83.42,7.34,15.71,31.83,5.16,11.35,31.25,0.0,0.0,-,0.0,100.0,17.79,88.12,1.0590000000000002,19515
63,"2019-10-06 - Stars 3, Red Wings 4",Detroit Red Wings,Limited ReportFull Report,41.066666666667,31.42,25.06,55.63,26.2,19.81,56.94,23.66,17.67,57.24,2.81,3.14,47.2,1.53,1.44,51.51,13.02,16.9,43.51,5.56,4.2,56.96,5.62,3.1,64.44,1.86,1.01,64.80,33.11,67.41,7.35,12.69,36.69,5.72,9.4,37.81,0.95,2.09,31.19,16.58,77.76,15.71,7.34,68.17,11.35,5.16,68.75,0.0,0.0,-,0.0,100.0,11.88,82.21,0.941,19515
64,"2019-10-06 - Jets 1, Islanders 4",Winnipeg Jets,Limited ReportFull Report,54.1,58.01,46.06,55.74,41.18,38.21,51.87,32.61,28.0,53.81,1.0,2.96,25.33,2.32,3.01,43.56,30.1,29.46,50.54,9.93,20.92,32.18,9.79,16.13,37.77,1.02,2.92,25.94,10.45,81.90,19.71,8.36,70.22,8.79,4.08,68.28,0.0,0.0,-,0.00,100.00,27.19,11.12,70.97,13.1,7.31,64.17,0.0,0.0,-,0.0,100.0,3.08,89.43,0.925,9923
65,"2019-10-06 - Jets 1, Islanders 4",New York Islanders,Limited ReportFull Report,54.1,46.06,58.01,44.26,38.21,41.18,48.13,28.0,32.61,46.19,2.96,1.0,74.67,3.01,2.32,56.44,29.46,30.1,49.46,20.92,9.93,67.82,16.13,9.79,62.23,2.92,1.02,74.06,18.10,89.55,8.36,19.71,29.78,4.08,8.79,31.72,0.0,0.0,-,0.00,100.00,11.12,27.19,29.03,7.31,13.1,35.83,0.0,0.0,-,0.0,100.0,10.57,96.92,1.075,9923
66,"2019-10-07 - Blues 3, Maple Leafs 2",St Louis Blues,Limited ReportFull Report,45.366666666667,38.87,59.44,39.54,32.4,47.16,40.72,22.81,27.86,45.02,3.12,1.87,62.59,1.53,2.55,37.46,19.05,32.17,37.19,2.13,11.02,16.2,2.11,7.39,22.19,0.0,1.86,0.00,0.00,74.85,16.85,21.25,44.23,11.39,14.55,43.91,2.11,0.0,100.00,18.52,100.00,18.94,25.05,43.05,9.3,5.74,61.82,1.05,0.0,100.00,11.33,100.0,13.69,93.3,1.07,19466
67,"2019-10-07 - Blues 3, Maple Leafs 2",Toronto Maple Leafs,Limited ReportFull Report,45.366666666667,59.44,38.87,60.46,47.16,32.4,59.28,27.86,22.81,54.98,1.87,3.12,37.41,2.55,1.53,62.54,32.17,19.05,62.81,11.02,2.13,83.8,7.39,2.11,77.81,1.86,0.0,100.00,25.15,100.00,21.25,16.85,55.77,14.55,11.39,56.09,0.0,2.11,0.00,0.00,81.48,25.05,18.94,56.95,5.74,9.3,38.18,0.0,1.05,0.00,0.0,88.67,6.7,86.31,0.93,19466
68,"2019-10-07 - Sabres 3, Blue Jackets 4",Buffalo Sabres,Limited ReportFull Report,50.816666666667004,40.86,47.88,46.05,27.09,35.78,43.09,15.17,30.95,32.89,1.01,0.94,51.74,1.32,1.42,48.09,13.28,21.31,38.4,5.25,3.8,58.0,2.11,2.84,42.62,0.0,0.94,0.00,0.00,66.83,7.99,17.73,31.06,3.06,13.75,18.2,1.06,0.0,100.00,34.58,100.00,19.86,21.21,48.35,8.85,11.3,43.93,0.0,0.0,-,0.0,100.0,6.67,96.95,1.036,14618
69,"2019-10-07 - Sabres 3, Blue Jackets 4",Columbus Blue Jackets,Limited ReportFull Report,50.816666666667004,47.88,40.86,53.95,35.78,27.09,56.91,30.95,15.17,67.11,0.94,1.01,48.26,1.42,1.32,51.91,21.31,13.28,61.6,3.8,5.25,42.0,2.84,2.11,57.38,0.94,0.0,100.00,33.17,100.00,17.73,7.99,68.94,13.75,3.06,81.8,0.0,1.06,0.00,0.00,65.42,21.21,19.86,51.65,11.3,8.85,56.07,0.0,0.0,-,0.0,100.0,3.05,93.33,0.9640000000000001,14618
70,"2019-10-08 - Hurricanes 6, Panthers 3",Carolina Hurricanes,Limited ReportFull Report,40.616666666667,34.03,41.62,44.98,24.58,32.3,43.21,21.33,29.06,42.33,3.22,0.92,77.81,1.3,1.53,46.05,14.69,21.17,40.96,4.43,7.4,37.43,4.41,6.52,40.32,3.23,0.91,78.08,73.37,86.08,10.4,13.42,43.66,7.73,9.77,44.15,0.0,0.0,-,0.00,100.00,18.03,19.06,48.61,9.19,11.72,43.96,0.0,0.0,-,0.0,100.0,15.08,96.84,1.119,11638
71,"2019-10-08 - Hurricanes 6, Panthers 3",Florida Panthers,Limited ReportFull Report,40.616666666667,41.62,34.03,55.02,32.3,24.58,56.79,29.06,21.33,57.67,0.92,3.22,22.19,1.53,1.3,53.95,21.17,14.69,59.04,7.4,4.43,62.57,6.52,4.41,59.68,0.91,3.23,21.92,13.92,26.63,13.42,10.4,56.34,9.77,7.73,55.85,0.0,0.0,-,0.00,100.00,19.06,18.03,51.39,11.72,9.19,56.04,0.0,0.0,-,0.0,100.0,3.16,84.92,0.8809999999999999,11638
72,"2019-10-08 - Oilers 5, Islanders 2",Edmonton Oilers,Limited ReportFull Report,47.816666666667004,44.36,40.8,52.09,30.5,28.73,51.49,18.43,21.86,45.74,3.14,0.92,77.41,1.19,0.93,56.23,20.82,12.91,61.74,6.56,3.46,65.45,5.55,3.46,61.56,1.07,0.91,54.12,19.31,73.79,14.3,9.28,60.66,5.3,3.57,59.79,2.1,0.0,100.00,39.59,100.00,21.23,24.13,46.8,7.69,12.71,37.68,0.0,0.0,-,0.0,100.0,17.05,95.81,1.129,10985
73,"2019-10-08 - Oilers 5, Islanders 2",New York Islanders,Limited ReportFull Report,47.816666666667004,40.8,44.36,47.91,28.73,30.5,48.51,21.86,18.43,54.26,0.92,3.14,22.59,0.93,1.19,43.77,12.91,20.82,38.26,3.46,6.56,34.55,3.46,5.55,38.44,0.91,1.07,45.88,26.21,80.69,9.28,14.3,39.34,3.57,5.3,40.21,0.0,2.1,0.00,0.00,60.41,24.13,21.23,53.2,12.71,7.69,62.32,0.0,0.0,-,0.0,100.0,4.19,82.95,0.871,10985
74,"2019-10-08 - Jets 4, Penguins 1",Winnipeg Jets,Limited ReportFull Report,56.0,37.41,50.55,42.53,29.51,43.01,40.69,24.24,29.22,45.34,4.19,0.94,81.63,1.71,2.38,41.8,19.72,25.43,43.68,7.67,8.73,46.76,6.65,7.03,48.61,1.07,0.94,53.21,16.11,86.61,12.2,16.41,42.65,7.54,9.98,43.03,3.15,0.0,100.00,41.78,100.00,12.5,22.87,35.34,7.96,11.28,41.38,0.0,0.0,-,0.0,100.0,17.3,96.77,1.141,18420
75,"2019-10-08 - Jets 4, Penguins 1",Pittsburgh Penguins,Limited ReportFull Report,56.0,50.55,37.41,57.47,43.01,29.51,59.31,29.22,24.24,54.66,0.94,4.19,18.37,2.38,1.71,58.2,25.43,19.72,56.32,8.73,7.67,53.24,7.03,6.65,51.39,0.94,1.07,46.79,13.39,83.89,16.41,12.2,57.35,9.98,7.54,56.97,0.0,3.15,0.00,0.00,58.22,22.87,12.5,64.66,11.28,7.96,58.62,0.0,0.0,-,0.0,100.0,3.23,82.7,0.8590000000000001,18420
76,"2019-10-08 - Stars 4, Capitals 3",Dallas Stars,Limited ReportFull Report,45.15,27.35,43.27,38.73,20.67,33.92,37.87,17.69,23.83,42.6,3.08,1.89,62.0,1.44,1.52,48.8,15.2,20.46,42.62,9.21,7.79,54.18,9.11,3.85,70.31,3.08,0.0,100.00,33.80,100.00,5.97,12.78,31.85,0.0,6.83,0.0,0.0,0.95,0.00,-,86.11,9.53,21.48,30.73,6.55,13.36,32.9,0.0,0.95,0.00,0.0,92.92,17.41,92.08,1.095,18573
77,"2019-10-08 - Stars 4, Capitals 3",Washington Capitals,Limited ReportFull Report,45.15,43.27,27.35,61.27,33.92,20.67,62.13,23.83,17.69,57.4,1.89,3.08,38.0,1.52,1.44,51.2,20.46,15.2,57.38,7.79,9.21,45.82,3.85,9.11,29.69,0.0,3.08,0.00,0.00,66.20,12.78,5.97,68.15,6.83,0.0,100.0,0.95,0.0,100.00,13.89,-,21.48,9.53,69.27,13.36,6.55,67.1,0.95,0.0,100.00,7.08,100.0,7.92,82.59,0.905,18573
78,"2019-10-08 - Ducks 3, Red Wings 1",Anaheim Ducks,Limited ReportFull Report,46.9,37.15,35.99,50.79,26.94,30.27,47.09,23.74,21.97,51.94,3.14,0.0,100.0,1.4,1.42,49.59,18.85,19.66,48.95,4.14,4.67,46.95,3.04,3.78,44.52,2.07,0.0,100.00,68.12,100.00,14.63,14.98,49.41,9.34,9.44,49.75,1.04,0.0,100.00,11.12,100.00,15.31,15.24,50.12,10.19,8.88,53.44,0.0,0.0,-,0.0,100.0,13.24,100.0,1.1320000000000001,18209
79,"2019-10-08 - Ducks 3, Red Wings 1",Detroit Red Wings,Limited ReportFull Report,46.9,35.99,37.15,49.21,30.27,26.94,52.91,21.97,23.74,48.06,0.0,3.14,0.0,1.42,1.4,50.41,19.66,18.85,51.05,4.67,4.14,53.05,3.78,3.04,55.48,0.0,2.07,0.00,0.00,31.88,14.98,14.63,50.59,9.44,9.34,50.25,0.0,1.04,0.00,0.00,88.88,15.24,15.31,49.88,8.88,10.19,46.56,0.0,0.0,-,0.0,100.0,0.0,86.76,0.868,18209
80,"2019-10-08 - Sharks 2, Predators 5",San Jose Sharks,Limited ReportFull Report,46.633333333333,52.85,34.76,60.32,40.2,30.08,57.2,28.74,17.59,62.03,1.0,2.92,25.61,1.9,1.16,61.97,25.62,12.05,68.02,7.99,5.04,61.35,3.95,4.09,49.11,0.0,0.96,0.00,0.00,76.43,17.22,7.09,70.82,9.8,3.97,71.19,1.0,1.89,34.55,10.18,52.34,25.23,19.41,56.51,14.72,8.71,62.83,0.0,0.0,-,0.0,100.0,3.49,83.42,0.8690000000000001,17251
81,"2019-10-08 - Sharks 2, Predators 5",Nashville Predators,Limited ReportFull Report,46.633333333333,34.76,52.85,39.68,30.08,40.2,42.8,17.59,28.74,37.97,2.92,1.0,74.39,1.16,1.9,38.03,12.05,25.62,31.98,5.04,7.99,38.65,4.09,3.95,50.89,0.96,0.0,100.00,23.57,100.00,7.09,17.22,29.18,3.97,9.8,28.81,1.89,1.0,65.45,47.66,89.82,19.41,25.23,43.49,8.71,14.72,37.17,0.0,0.0,-,0.0,100.0,16.58,96.51,1.131,17251
82,"2019-10-08 - Kings 4, Flames 3",Los Angeles Kings,Limited ReportFull Report,52.866666666667,59.19,44.57,57.05,47.3,31.23,60.23,38.27,22.41,63.07,3.18,1.87,63.0,2.73,1.57,63.4,32.14,21.14,60.32,10.03,5.16,66.02,6.66,4.29,60.81,2.13,0.91,70.11,31.98,78.84,22.51,15.67,58.95,17.28,8.28,67.6,0.0,1.03,0.00,0.00,87.59,23.25,19.53,54.34,12.96,8.97,59.08,1.11,0.0,100.00,8.57,100.0,8.31,91.66,1.0,18150
83,"2019-10-08 - Kings 4, Flames 3",Calgary Flames,Limited ReportFull Report,52.866666666667,44.57,59.19,42.95,31.23,47.3,39.77,22.41,38.27,36.93,1.87,3.18,37.0,1.57,2.73,36.6,21.14,32.14,39.68,5.16,10.03,33.98,4.29,6.66,39.19,0.91,2.13,29.89,21.16,68.02,15.67,22.51,41.05,8.28,17.28,32.4,1.03,0.0,100.00,12.41,100.00,19.53,23.25,45.66,8.97,12.96,40.92,0.0,1.11,0.00,0.0,91.43,8.34,91.69,1.0,18150
84,"2019-10-08 - Bruins 4, Golden Knights 3",Boston Bruins,Limited ReportFull Report,49.26666666666701,57.68,42.63,57.5,44.44,33.77,56.82,32.62,23.92,57.7,3.15,0.99,76.1,1.98,2.0,49.79,24.81,24.23,50.59,5.51,5.5,50.06,5.5,5.53,49.89,1.04,0.99,51.13,18.83,82.09,19.42,18.65,51.01,10.62,9.62,52.46,1.05,0.0,100.00,9.90,100.00,28.29,15.59,64.47,15.61,7.72,66.92,1.11,0.0,100.00,7.12,100.0,9.65,95.87,1.055,18223
85,"2019-10-08 - Bruins 4, Golden Knights 3",Vegas Golden Knights,Limited ReportFull Report,49.26666666666701,42.63,57.68,42.5,33.77,44.44,43.18,23.92,32.62,42.3,0.99,3.15,23.9,2.0,1.98,50.21,24.23,24.81,49.41,5.5,5.51,49.94,5.53,5.5,50.11,0.99,1.04,48.87,17.91,81.17,18.65,19.42,48.99,9.62,10.62,47.54,0.0,1.05,0.00,0.00,90.10,15.59,28.29,35.53,7.72,15.61,33.08,0.0,1.11,0.00,0.0,92.88,4.13,90.35,0.945,18223
86,"2019-10-09 - Canadiens 4, Sabres 5",Montreal Canadiens,Limited ReportFull Report,47.35,37.38,40.68,47.89,26.26,32.25,44.89,17.26,24.21,41.62,2.03,1.93,51.18,1.32,1.19,52.58,17.62,18.56,48.7,5.2,6.73,43.59,3.1,4.86,38.96,0.0,0.99,0.00,0.00,79.61,12.35,11.93,50.85,7.29,6.88,51.45,0.0,0.95,0.00,0.00,86.21,17.86,17.57,50.4,6.68,9.42,41.49,1.87,0.0,100.00,28.0,100.0,11.74,92.02,1.038,15383
87,"2019-10-09 - Canadiens 4, Sabres 5",Buffalo Sabres,Limited ReportFull Report,47.35,40.68,37.38,52.11,32.25,26.26,55.11,24.21,17.26,58.38,1.93,2.03,48.82,1.19,1.32,47.42,18.56,17.62,51.3,6.73,5.2,56.41,4.86,3.1,61.04,0.99,0.0,100.00,20.39,100.00,11.93,12.35,49.15,6.88,7.29,48.55,0.95,0.0,100.00,13.79,100.00,17.57,17.86,49.6,9.42,6.68,58.51,0.0,1.87,0.00,0.0,72.0,7.98,88.26,0.9620000000000001,15383
88,"2019-10-09 - Devils 0, Flyers 4",New Jersey Devils,Limited ReportFull Report,45.5,31.77,49.1,39.29,24.42,35.8,40.55,18.73,24.63,43.19,0.0,1.98,0.0,1.16,2.38,32.8,13.08,29.87,30.45,4.04,8.78,31.51,2.05,7.94,20.49,0.0,1.94,0.00,0.00,75.54,8.89,21.47,29.29,5.05,11.12,31.24,0.0,0.0,-,0.00,100.00,13.17,14.44,47.71,8.52,3.31,72.02,0.0,0.0,-,0.0,100.0,0.0,91.96,0.92,19658
89,"2019-10-09 - Devils 0, Flyers 4",Philadelphia Flyers,Limited ReportFull Report,45.5,49.1,31.77,60.71,35.8,24.42,59.45,24.63,18.73,56.81,1.98,0.0,100.0,2.38,1.16,67.2,29.87,13.08,69.55,8.78,4.04,68.49,7.94,2.05,79.51,1.94,0.0,100.00,24.46,100.00,21.47,8.89,70.71,11.12,5.05,68.76,0.0,0.0,-,0.00,100.00,14.44,13.17,52.29,3.31,8.52,27.98,0.0,0.0,-,0.0,100.0,8.04,100.0,1.08,19658
90,"2019-10-09 - Kings 2, Canucks 8",Los Angeles Kings,Limited ReportFull Report,48.1,49.26,51.47,48.9,37.63,35.48,51.47,26.76,21.6,55.33,2.01,6.93,22.46,1.99,1.78,52.71,28.55,28.15,50.35,5.94,7.17,45.32,3.95,5.2,43.2,1.02,3.88,20.84,25.85,25.28,21.79,21.52,50.31,15.24,9.38,61.9,1.0,1.92,34.21,6.55,79.54,17.64,17.69,49.93,7.81,5.71,57.74,0.0,1.06,0.00,0.0,81.43,7.51,67.91,0.754,18955
91,"2019-10-09 - Kings 2, Canucks 8",Vancouver Canucks,Limited ReportFull Report,48.1,51.47,49.26,51.1,35.48,37.63,48.53,21.6,26.76,44.67,6.93,2.01,77.54,1.78,1.99,47.29,28.15,28.55,49.65,7.17,5.94,54.68,5.2,3.95,56.8,3.88,1.02,79.16,74.72,74.15,21.52,21.79,49.69,9.38,15.24,38.1,1.92,1.0,65.79,20.46,93.45,17.69,17.64,50.07,5.71,7.81,42.26,1.06,0.0,100.00,18.57,100.0,32.09,92.49,1.246,18955
92,"2019-10-10 - Lightning 7, Maple Leafs 3",Tampa Bay Lightning,Limited ReportFull Report,51.866666666667,52.46,46.96,52.77,39.53,31.56,55.61,28.45,21.8,56.63,5.32,1.87,74.02,2.07,1.24,62.42,22.38,23.38,48.91,9.98,4.34,69.7,8.89,2.64,77.09,3.2,0.92,77.70,35.98,65.25,12.65,18.82,40.2,5.55,8.45,39.65,1.04,0.95,52.32,18.72,88.79,23.07,22.78,50.32,10.77,10.62,50.34,1.12,0.0,100.00,10.37,100.0,18.7,91.43,1.101,19387
93,"2019-10-10 - Lightning 7, Maple Leafs 3",Toronto Maple Leafs,Limited ReportFull Report,51.866666666667,46.96,52.46,47.23,31.56,39.53,44.39,21.8,28.45,43.37,1.87,5.32,25.98,1.24,2.07,37.58,23.38,22.38,51.09,4.34,9.98,30.3,2.64,8.89,22.91,0.92,3.2,22.30,34.75,64.02,18.82,12.65,59.8,8.45,5.55,60.35,0.95,1.04,47.68,11.21,81.28,22.78,23.07,49.68,10.62,10.77,49.66,0.0,1.12,0.00,0.0,89.63,8.57,81.3,0.899,19387
94,"2019-10-10 - Red Wings 4, Canadiens 2",Detroit Red Wings,Limited ReportFull Report,51.433333333332996,58.17,44.09,56.88,44.96,26.86,62.6,28.73,23.27,55.25,2.11,0.92,69.58,2.69,0.95,73.93,29.16,14.55,66.72,13.25,3.53,78.96,10.96,2.66,80.47,1.06,0.0,100.00,9.66,100.00,16.02,10.92,59.47,8.4,6.58,56.06,1.05,0.96,52.27,12.52,85.41,24.65,24.2,50.46,8.37,13.11,38.98,0.0,0.0,-,0.0,100.0,7.36,96.03,1.034,21302
95,"2019-10-10 - Red Wings 4, Canadiens 2",Montreal Canadiens,Limited ReportFull Report,51.433333333332996,44.09,58.17,43.12,26.86,44.96,37.4,23.27,28.73,44.75,0.92,2.11,30.42,0.95,2.69,26.07,14.55,29.16,33.28,3.53,13.25,21.04,2.66,10.96,19.53,0.0,1.06,0.00,0.00,90.34,10.92,16.02,40.53,6.58,8.4,43.94,0.96,1.05,47.73,14.59,87.48,24.2,24.65,49.54,13.11,8.37,61.02,0.0,0.0,-,0.0,100.0,3.97,92.64,0.966,21302
96,"2019-10-10 - Oilers 4, Devils 3",Edmonton Oilers,Limited ReportFull Report,52.433333333332996,29.41,43.53,40.32,19.27,32.41,37.29,14.14,25.52,35.65,1.01,2.83,26.32,0.97,1.8,35.02,11.37,19.3,37.08,1.07,5.67,15.81,1.05,4.73,18.22,0.0,0.94,0.00,0.00,80.10,10.17,13.75,42.52,4.06,10.74,27.45,0.0,1.9,0.00,0.00,82.34,17.14,23.96,41.71,8.94,10.04,47.1,0.94,0.0,100.00,10.49,100.0,7.15,88.91,0.961,14586
97,"2019-10-10 - Oilers 4, Devils 3",New Jersey Devils,Limited ReportFull Report,52.433333333332996,43.53,29.41,59.68,32.41,19.27,62.71,25.52,14.14,64.35,2.83,1.01,73.68,1.8,0.97,64.98,19.3,11.37,62.92,5.67,1.07,84.19,4.73,1.05,81.78,0.94,0.0,100.00,19.90,100.00,13.75,10.17,57.48,10.74,4.06,72.55,1.9,0.0,100.00,17.66,100.00,23.96,17.14,58.29,10.04,8.94,52.9,0.0,0.94,0.00,0.0,89.51,11.09,92.85,1.0390000000000001,14586
98,"2019-10-10 - Ducks 1, Penguins 2",Anaheim Ducks,Limited ReportFull Report,43.48333333333299,41.3,40.22,50.66,32.42,30.21,51.77,27.25,19.57,58.21,1.01,0.94,51.74,1.88,1.54,54.97,20.65,19.14,51.9,10.53,3.8,73.47,7.32,2.9,71.61,1.01,0.0,100.00,13.81,100.00,10.11,15.51,39.47,8.13,8.74,48.17,0.0,0.95,0.00,0.00,89.16,16.03,19.88,44.64,10.88,7.98,57.69,0.0,0.0,-,0.0,100.0,3.71,95.18,0.9890000000000001,18414
99,"2019-10-10 - Ducks 1, Penguins 2",Pittsburgh Penguins,Limited ReportFull Report,43.48333333333299,40.22,41.3,49.34,30.21,32.42,48.23,19.57,27.25,41.79,0.94,1.01,48.26,1.54,1.88,45.03,19.14,20.65,48.1,3.8,10.53,26.53,2.9,7.32,28.39,0.0,1.01,0.00,0.00,86.19,15.51,10.11,60.53,8.74,8.13,51.83,0.95,0.0,100.00,10.84,100.00,19.88,16.03,55.36,7.98,10.88,42.31,0.0,0.0,-,0.0,100.0,4.82,96.29,1.011,18414
100,"2019-10-10 - Blues 6, Senators 4",St Louis Blues,Limited ReportFull Report,52.383333333333,51.76,56.42,47.85,42.38,41.74,50.38,30.43,27.08,52.91,4.14,2.86,59.15,1.86,2.25,45.3,23.27,20.31,53.4,7.24,7.73,48.38,6.12,6.94,46.83,1.01,0.94,51.76,16.52,86.44,15.76,12.58,55.61,10.02,6.82,59.51,1.05,1.9,35.61,10.50,72.10,26.16,32.0,44.98,13.34,11.38,53.96,1.99,0.0,100.00,14.94,100.0,13.59,89.45,1.03,9204
101,"2019-10-10 - Blues 6, Senators 4",Ottawa Senators,Limited ReportFull Report,52.383333333333,56.42,51.76,52.15,41.74,42.38,49.62,27.08,30.43,47.09,2.86,4.14,40.85,2.25,1.86,54.7,20.31,23.27,46.6,7.73,7.24,51.62,6.94,6.12,53.17,0.94,1.01,48.24,13.56,83.48,12.58,15.76,44.39,6.82,10.02,40.49,1.9,1.05,64.39,27.90,89.50,32.0,26.16,55.02,11.38,13.34,46.04,0.0,1.99,0.00,0.0,85.06,10.55,86.41,0.97,9204
102,"2019-10-10 - Capitals 5, Predators 6",Washington Capitals,Limited ReportFull Report,48.716666666667,37.33,50.07,42.71,28.5,39.18,42.12,19.92,30.82,39.25,2.11,4.64,31.3,1.22,1.76,41.01,12.75,16.54,43.53,5.33,10.02,34.7,4.22,9.22,31.37,1.06,1.84,36.57,25.11,80.09,7.49,6.31,54.3,5.23,3.73,58.36,1.05,1.92,35.38,20.12,48.50,22.56,29.21,43.57,10.5,15.97,39.67,0.0,0.95,0.00,0.0,94.07,10.61,84.95,0.956,17386
103,"2019-10-10 - Capitals 5, Predators 6",Nashville Predators,Limited ReportFull Report,48.716666666667,50.07,37.33,57.29,39.18,28.5,57.88,30.82,19.92,60.75,4.64,2.11,68.7,1.76,1.22,58.99,16.54,12.75,56.47,10.02,5.33,65.3,9.22,4.22,68.63,1.84,1.06,63.43,19.91,74.89,6.31,7.49,45.7,3.73,5.23,41.64,1.92,1.05,64.62,51.50,79.88,29.21,22.56,56.43,15.97,10.5,60.33,0.95,0.0,100.00,5.93,100.0,15.05,89.39,1.044,17386
104,"2019-10-10 - Wild 2, Jets 5",Minnesota Wild,Limited ReportFull Report,49.25,58.69,31.77,64.88,41.23,24.7,62.54,33.36,19.68,62.89,2.07,1.87,52.55,1.77,0.98,64.34,21.45,11.58,64.94,7.39,4.68,61.22,6.32,1.83,77.53,1.06,0.92,53.56,16.74,49.91,13.89,6.95,66.64,8.1,5.96,57.59,0.0,0.0,-,0.00,100.00,32.82,16.23,66.91,17.05,11.15,60.47,0.94,0.95,49.79,5.5,91.51,6.2,90.51,0.9670000000000001,15325
105,"2019-10-10 - Wild 2, Jets 5",Winnipeg Jets,Limited ReportFull Report,49.25,31.77,58.69,35.12,24.7,41.23,37.46,19.68,33.36,37.11,1.87,2.07,47.45,0.98,1.77,35.66,11.58,21.45,35.06,4.68,7.39,38.78,1.83,6.32,22.47,0.92,1.06,46.44,50.09,83.26,6.95,13.89,33.36,5.96,8.1,42.41,0.0,0.0,-,0.00,100.00,16.23,32.82,33.09,11.15,17.05,39.53,0.95,0.94,50.21,8.49,94.5,9.49,93.8,1.033,15325
106,"2019-10-10 - Sharks 5, Blackhawks 4",San Jose Sharks,Limited ReportFull Report,51.066666666667004,57.18,31.49,64.49,38.95,31.38,55.39,27.64,25.52,52.0,3.08,3.77,44.93,2.34,2.11,52.51,27.07,20.14,57.33,13.64,11.4,54.46,10.35,7.63,57.56,2.07,1.88,52.35,19.99,75.32,13.47,8.69,60.78,7.3,6.8,51.79,0.0,1.9,0.00,0.00,72.12,27.36,9.95,73.32,10.04,10.05,49.97,0.94,0.0,100.00,9.35,100.0,11.14,85.21,0.963,21455
107,"2019-10-10 - Sharks 5, Blackhawks 4",Chicago Blackhawks,Limited ReportFull Report,51.066666666667004,31.49,57.18,35.51,31.38,38.95,44.61,25.52,27.64,48.0,3.77,3.08,55.07,2.11,2.34,47.49,20.14,27.07,42.67,11.4,13.64,45.54,7.63,10.35,42.44,1.88,2.07,47.65,24.68,80.01,8.69,13.47,39.22,6.8,7.3,48.21,1.9,0.0,100.00,27.88,100.00,9.95,27.36,26.68,10.05,10.04,50.03,0.0,0.94,0.00,0.0,90.65,14.79,88.86,1.037,21455
108,"2019-10-10 - Flames 3, Stars 2",Calgary Flames,Limited ReportFull Report,47.316666666667004,41.81,50.77,45.16,29.73,37.99,43.9,22.49,23.55,48.85,1.01,0.94,51.74,1.64,1.67,49.53,22.96,26.78,46.16,7.39,7.48,49.72,6.26,5.68,52.45,1.01,0.94,51.76,16.13,83.41,15.46,19.48,44.24,10.26,7.85,56.65,0.0,0.0,-,0.00,100.00,14.12,16.68,45.84,6.08,8.97,40.42,0.0,0.0,-,0.0,100.0,4.5,95.99,1.005,17989
109,"2019-10-10 - Flames 3, Stars 2",Dallas Stars,Limited ReportFull Report,47.316666666667004,50.77,41.81,54.84,37.99,29.73,56.1,23.55,22.49,51.15,0.94,1.01,48.26,1.67,1.64,50.47,26.78,22.96,53.84,7.48,7.39,50.28,5.68,6.26,47.55,0.94,1.01,48.24,16.59,83.87,19.48,15.46,55.76,7.85,10.26,43.35,0.0,0.0,-,0.00,100.00,16.68,14.12,54.16,8.97,6.08,59.58,0.0,0.0,-,0.0,100.0,4.01,95.5,0.995,17989
110,"2019-10-10 - Bruins 2, Avalanche 4",Boston Bruins,Limited ReportFull Report,53.833333333332995,53.7,49.63,51.97,44.29,39.34,52.95,36.69,30.2,54.85,2.13,1.87,53.32,1.92,1.91,50.15,23.32,20.46,53.27,4.26,8.19,34.23,3.16,6.35,33.25,0.0,0.92,0.00,0.00,85.54,19.01,12.24,60.84,13.46,7.75,63.45,1.05,0.95,52.60,7.82,87.77,28.35,27.22,51.02,17.98,15.98,52.95,1.11,0.0,100.00,6.18,100.0,5.81,93.82,0.996,18045
111,"2019-10-10 - Bruins 2, Avalanche 4",Colorado Avalanche,Limited ReportFull Report,53.833333333332995,49.63,53.7,48.03,39.34,44.29,47.05,30.2,36.69,45.15,1.87,2.13,46.68,1.91,1.92,49.85,20.46,23.32,46.73,8.19,4.26,65.77,6.35,3.16,66.75,0.92,0.0,100.00,14.46,100.00,12.24,19.01,39.16,7.75,13.46,36.55,0.95,1.05,47.40,12.23,92.18,27.22,28.35,48.98,15.98,17.98,47.05,0.0,1.11,0.00,0.0,93.82,6.18,94.19,1.004,18045
112,"2019-10-10 - Golden Knights 1, Coyotes 4",Vegas Golden Knights,Limited ReportFull Report,47.98333333333299,35.56,44.52,44.41,25.97,33.41,43.74,20.53,27.13,43.07,1.01,3.91,20.61,1.17,1.36,46.27,18.22,19.37,48.47,4.9,4.94,49.8,2.9,5.0,36.72,0.0,0.99,0.00,0.00,80.19,12.96,14.8,46.68,6.77,11.22,37.63,0.0,1.89,0.00,0.00,83.15,16.26,20.2,44.59,10.59,10.81,49.47,0.93,1.07,46.59,8.8,90.12,4.94,85.6,0.905,13864
113,"2019-10-10 - Golden Knights 1, Coyotes 4",Arizona Coyotes,Limited ReportFull Report,47.98333333333299,44.52,35.56,55.59,33.41,25.97,56.26,27.13,20.53,56.93,3.91,1.01,79.39,1.36,1.17,53.73,19.37,18.22,51.53,4.94,4.9,50.2,5.0,2.9,63.28,0.99,0.0,100.00,19.81,100.00,14.8,12.96,53.32,11.22,6.77,62.37,1.89,0.0,100.00,16.85,100.00,20.2,16.26,55.41,10.81,10.59,50.53,1.07,0.93,53.41,9.88,91.2,14.4,95.06,1.095,13864
114,"2019-10-11 - Panthers 2, Sabres 3",Florida Panthers,Limited ReportFull Report,47.883333333333,49.96,41.35,54.72,40.23,33.38,54.65,31.14,23.58,56.91,1.01,1.93,34.43,2.35,1.42,62.35,21.53,19.3,52.74,6.24,5.61,52.66,5.19,4.73,52.32,1.04,0.0,100.00,19.95,100.00,15.17,13.81,52.35,10.16,6.85,59.72,0.0,1.89,0.00,0.00,72.41,26.82,17.75,60.18,15.75,9.95,61.28,0.0,0.0,-,0.0,100.0,3.26,91.81,0.951,15638
115,"2019-10-11 - Panthers 2, Sabres 3",Buffalo Sabres,Limited ReportFull Report,47.883333333333,41.35,49.96,45.28,33.38,40.23,45.35,23.58,31.14,43.09,1.93,1.01,65.57,1.42,2.35,37.65,19.3,21.53,47.26,5.61,6.24,47.34,4.73,5.19,47.68,0.0,1.04,0.00,0.00,80.05,13.81,15.17,47.65,6.85,10.16,40.28,1.89,0.0,100.00,27.59,100.00,17.75,26.82,39.82,9.95,15.75,38.72,0.0,0.0,-,0.0,100.0,8.19,96.74,1.0490000000000002,15638
116,"2019-10-11 - Ducks 2, Blue Jackets 1",Anaheim Ducks,Limited ReportFull Report,49.933333333332996,44.04,45.67,49.09,27.71,33.57,45.21,21.27,21.65,49.56,1.08,0.95,53.08,1.08,1.61,40.19,21.82,16.73,56.6,3.3,7.37,30.91,3.28,4.67,41.26,0.0,0.0,-,0.00,100.00,18.68,9.24,66.91,7.42,4.73,61.07,0.0,0.0,-,0.00,100.00,16.8,21.31,44.09,9.47,11.21,45.81,1.11,0.88,55.70,11.72,92.12,5.06,95.61,1.0070000000000001,15368
117,"2019-10-11 - Ducks 2, Blue Jackets 1",Columbus Blue Jackets,Limited ReportFull Report,49.933333333332996,45.67,44.04,50.91,33.57,27.71,54.79,21.65,21.27,50.44,0.95,1.08,46.92,1.61,1.08,59.81,16.73,21.82,43.4,7.37,3.3,69.09,4.67,3.28,58.74,0.0,0.0,-,0.00,100.00,9.24,18.68,33.09,4.73,7.42,38.93,0.0,0.0,-,0.00,100.00,21.31,16.8,55.91,11.21,9.47,54.19,0.88,1.11,44.30,7.88,88.28,4.39,94.94,0.993,15368
118,"2019-10-11 - Islanders 2, Hurricanes 5",New York Islanders,Limited ReportFull Report,48.0,32.98,65.49,33.49,20.59,50.24,29.07,9.71,37.85,20.41,0.0,3.82,0.0,0.95,3.19,22.94,15.23,32.66,31.8,4.18,14.49,22.41,0.0,10.61,0.0,0.0,2.82,0.00,-,73.38,10.88,18.39,37.16,4.01,7.96,33.5,0.0,0.94,0.00,0.00,88.16,11.29,28.64,28.27,3.73,16.23,18.68,0.0,0.0,-,0.0,100.0,0.0,89.91,0.899,14875
119,"2019-10-11 - Islanders 2, Hurricanes 5",Carolina Hurricanes,Limited ReportFull Report,48.0,65.49,32.98,66.51,50.24,20.59,70.93,37.85,9.71,79.59,3.82,0.0,100.0,3.19,0.95,77.06,32.66,15.23,68.2,14.49,4.18,77.59,10.61,0.0,100.0,2.82,0.0,100.00,26.62,-,18.39,10.88,62.84,7.96,4.01,66.5,0.94,0.0,100.00,11.84,100.00,28.64,11.29,71.73,16.23,3.73,81.32,0.0,0.0,-,0.0,100.0,10.09,100.0,1.101,14875
120,"2019-10-12 - Oilers 4, Rangers 1",Edmonton Oilers,Limited ReportFull Report,48.216666666667,52.29,21.28,71.08,42.15,16.29,72.13,21.62,12.41,63.54,2.09,0.94,68.87,2.31,0.85,73.04,23.99,10.38,69.79,8.45,4.62,64.64,5.27,3.72,58.57,0.0,0.94,0.00,0.00,74.72,15.49,5.73,72.98,6.28,3.82,62.21,1.04,0.0,100.00,16.54,100.00,25.5,8.79,74.36,7.93,4.84,62.08,0.94,0.0,100.00,11.83,100.0,9.65,92.4,1.021,17177
121,"2019-10-12 - Oilers 4, Rangers 1",New York Rangers,Limited ReportFull Report,48.216666666667,21.28,52.29,28.92,16.29,42.15,27.87,12.41,21.62,36.46,0.94,2.09,31.13,0.85,2.31,26.96,10.38,23.99,30.21,4.62,8.45,35.36,3.72,5.27,41.43,0.94,0.0,100.00,25.28,100.00,5.73,15.49,27.02,3.82,6.28,37.79,0.0,1.04,0.00,0.00,83.46,8.79,25.5,25.64,4.84,7.93,37.92,0.0,0.94,0.00,0.0,88.17,7.6,90.35,0.9790000000000001,17177
122,"2019-10-12 - Lightning 2, Senators 4",Tampa Bay Lightning,Limited ReportFull Report,40.616666666667,41.7,45.06,48.06,26.43,36.69,41.87,17.22,24.84,40.95,2.02,2.83,41.68,1.33,1.76,43.04,19.76,20.33,49.29,5.26,9.6,35.42,2.05,7.76,20.87,1.01,1.88,34.92,49.39,75.72,14.37,10.79,57.11,6.15,5.83,51.33,1.06,0.95,52.74,17.22,83.73,16.03,19.08,45.65,6.92,8.07,46.15,0.0,0.0,-,0.0,100.0,11.74,88.6,1.003,11023
123,"2019-10-12 - Lightning 2, Senators 4",Ottawa Senators,Limited ReportFull Report,40.616666666667,45.06,41.7,51.94,36.69,26.43,58.13,24.84,17.22,59.05,2.83,2.02,58.32,1.76,1.33,56.96,20.33,19.76,50.71,9.6,5.26,64.58,7.76,2.05,79.13,1.88,1.01,65.08,24.28,50.61,10.79,14.37,42.89,5.83,6.15,48.67,0.95,1.06,47.26,16.27,82.78,19.08,16.03,54.35,8.07,6.92,53.85,0.0,0.0,-,0.0,100.0,11.4,88.26,0.997,11023
124,"2019-10-12 - Predators 4, Kings 7",Nashville Predators,Limited ReportFull Report,50.51666666666701,41.28,60.24,40.66,33.97,44.01,43.56,22.25,29.71,42.82,3.07,5.77,34.74,1.73,2.42,41.63,20.4,26.9,43.13,4.02,10.71,27.3,2.98,7.78,27.7,1.02,3.81,21.14,34.31,50.96,16.18,16.42,49.63,9.14,6.09,60.03,2.11,0.0,100.00,23.08,100.00,15.54,27.35,36.24,7.09,13.89,33.8,0.0,0.95,0.00,0.0,93.19,13.81,80.57,0.9440000000000001,18230
125,"2019-10-12 - Predators 4, Kings 7",Los Angeles Kings,Limited ReportFull Report,50.51666666666701,60.24,41.28,59.34,44.01,33.97,56.44,29.71,22.25,57.18,5.77,3.07,65.26,2.42,1.73,58.37,26.9,20.4,56.87,10.71,4.02,72.7,7.78,2.98,72.3,3.81,1.02,78.86,49.04,65.69,16.42,16.18,50.37,6.09,9.14,39.97,0.0,2.11,0.00,0.00,76.92,27.35,15.54,63.76,13.89,7.09,66.2,0.95,0.0,100.00,6.81,100.0,19.43,86.19,1.056,18230
126,"2019-10-12 - Devils 0, Bruins 3",New Jersey Devils,Limited ReportFull Report,47.383333333333,34.87,48.68,41.73,26.15,37.02,41.4,22.51,28.6,44.05,0.0,1.93,0.0,1.82,1.98,47.9,20.35,18.54,52.33,6.02,8.12,42.6,5.94,7.2,45.22,0.0,0.99,0.00,0.00,86.25,13.93,10.6,56.8,11.74,6.13,65.67,0.0,0.0,-,0.00,100.00,12.79,28.51,30.96,5.19,14.4,26.49,0.0,0.95,0.00,0.0,93.43,0.0,93.24,0.932,17193
127,"2019-10-12 - Devils 0, Bruins 3",Boston Bruins,Limited ReportFull Report,47.383333333333,48.68,34.87,58.27,37.02,26.15,58.6,28.6,22.51,55.95,1.93,0.0,100.0,1.98,1.82,52.1,18.54,20.35,47.67,8.12,6.02,57.4,7.2,5.94,54.78,0.99,0.0,100.00,13.75,100.00,10.6,13.93,43.2,6.13,11.74,34.33,0.0,0.0,-,0.00,100.00,28.51,12.79,69.04,14.4,5.19,73.51,0.95,0.0,100.00,6.57,100.0,6.76,100.0,1.068,17193
128,"2019-10-12 - Blues 3, Canadiens 6",St Louis Blues,Limited ReportFull Report,48.8,34.75,54.56,38.91,28.74,41.23,41.07,23.68,30.45,43.74,2.02,4.74,29.9,0.98,2.44,28.62,12.15,27.98,30.27,4.14,14.03,22.77,4.09,11.36,26.48,0.0,3.79,0.00,0.00,66.62,7.88,13.99,36.04,6.03,7.85,43.45,1.06,0.95,52.74,17.54,87.92,20.8,23.18,47.3,12.38,11.08,52.76,0.94,0.0,100.00,7.58,100.0,8.54,84.42,0.93,21302
129,"2019-10-12 - Blues 3, Canadiens 6",Montreal Canadiens,Limited ReportFull Report,48.8,54.56,34.75,61.09,41.23,28.74,58.93,30.45,23.68,56.26,4.74,2.02,70.1,2.44,0.98,71.38,27.98,12.15,69.73,14.03,4.14,77.23,11.36,4.09,73.52,3.79,0.0,100.00,33.38,100.00,13.99,7.88,63.96,7.85,6.03,56.55,0.95,1.06,47.26,12.08,82.46,23.18,20.8,52.7,11.08,12.38,47.24,0.0,0.94,0.00,0.0,92.42,15.58,91.46,1.07,21302
130,"2019-10-12 - Maple Leafs 5, Red Wings 2",Toronto Maple Leafs,Limited ReportFull Report,51.616666666667,70.43,35.7,66.36,47.31,25.5,64.98,37.67,20.76,64.47,4.22,1.89,69.02,2.47,1.31,65.41,42.41,13.24,76.21,10.85,5.61,65.92,6.5,5.68,53.38,2.09,0.94,68.97,32.19,83.41,31.44,7.58,80.57,14.41,2.85,83.51,2.09,1.03,67.05,14.51,63.87,27.38,17.07,61.59,16.92,9.52,64.0,0.0,0.0,-,0.0,100.0,11.2,90.87,1.021,19515
131,"2019-10-12 - Maple Leafs 5, Red Wings 2",Detroit Red Wings,Limited ReportFull Report,51.616666666667,35.7,70.43,33.64,25.5,47.31,35.02,20.76,37.67,35.53,1.89,4.22,30.98,1.31,2.47,34.59,13.24,42.41,23.79,5.61,10.85,34.08,5.68,6.5,46.62,0.94,2.09,31.03,16.59,67.81,7.58,31.44,19.43,2.85,14.41,16.49,1.03,2.09,32.95,36.13,85.49,17.07,27.38,38.41,9.52,16.92,36.0,0.0,0.0,-,0.0,100.0,9.13,88.8,0.9790000000000001,19515
132,"2019-10-12 - Panthers 2, Islanders 3",Florida Panthers,Limited ReportFull Report,52.45,57.35,43.03,57.13,42.25,29.67,58.75,34.91,21.12,62.31,2.07,1.87,52.55,2.1,1.57,57.27,25.13,18.9,57.07,6.43,8.26,43.79,6.38,6.5,49.52,1.01,0.92,52.39,15.83,85.88,18.61,10.6,63.7,14.43,7.79,64.94,1.05,0.95,52.60,7.29,87.83,27.51,22.22,55.32,14.09,4.76,74.76,0.0,0.0,-,0.0,100.0,5.92,91.16,0.971,11421
133,"2019-10-12 - Panthers 2, Islanders 3",New York Islanders,Limited ReportFull Report,52.45,43.03,57.35,42.87,29.67,42.25,41.25,21.12,34.91,37.69,1.87,2.07,47.45,1.57,2.1,42.73,18.9,25.13,42.93,8.26,6.43,56.21,6.5,6.38,50.48,0.92,1.01,47.61,14.12,84.17,10.6,18.61,36.3,7.79,14.43,35.06,0.95,1.05,47.40,12.17,92.71,22.22,27.51,44.68,4.76,14.09,25.24,0.0,0.0,-,0.0,100.0,8.84,94.08,1.0290000000000001,11421
134,"2019-10-12 - Blue Jackets 3, Hurricanes 2",Columbus Blue Jackets,Limited ReportFull Report,46.166666666667005,48.3,35.7,57.5,37.82,29.13,56.49,29.3,24.5,54.47,3.12,1.87,62.59,1.83,1.28,58.77,18.99,15.11,55.68,8.57,3.74,69.63,5.33,3.78,58.48,2.12,0.0,100.00,39.72,100.00,10.45,11.42,47.79,6.23,7.68,44.78,1.06,0.96,52.41,16.98,87.50,23.12,18.59,55.42,14.63,12.03,54.87,0.0,0.95,0.00,0.0,92.14,10.66,92.38,1.03,16224
135,"2019-10-12 - Blue Jackets 3, Hurricanes 2",Carolina Hurricanes,Limited ReportFull Report,46.166666666667005,35.7,48.3,42.5,29.13,37.82,43.51,24.5,29.3,45.53,1.87,3.12,37.41,1.28,1.83,41.23,15.11,18.99,44.32,3.74,8.57,30.37,3.78,5.33,41.52,0.0,2.12,0.00,0.00,60.28,11.42,10.45,52.21,7.68,6.23,55.22,0.96,1.06,47.59,12.50,83.02,18.59,23.12,44.58,12.03,14.63,45.13,0.95,0.0,100.00,7.86,100.0,7.62,89.34,0.97,16224
136,"2019-10-12 - Jets 3, Blackhawks 2",Winnipeg Jets,Limited ReportFull Report,48.683333333332996,42.91,46.81,47.82,30.11,32.96,47.74,25.28,24.69,50.59,1.01,0.0,100.0,1.94,1.79,52.0,21.89,17.04,56.22,8.02,5.0,61.6,7.93,4.05,66.19,1.01,0.0,100.00,12.74,100.00,13.62,12.26,52.63,7.05,4.99,58.55,0.0,0.0,-,0.00,100.00,19.7,22.01,47.23,9.3,12.65,42.38,0.0,0.0,-,0.0,100.0,4.0,100.0,1.04,21340
137,"2019-10-12 - Jets 3, Blackhawks 2",Chicago Blackhawks,Limited ReportFull Report,48.683333333332996,46.81,42.91,52.18,32.96,30.11,52.26,24.69,25.28,49.41,0.0,1.01,0.0,1.79,1.94,48.0,17.04,21.89,43.78,5.0,8.02,38.4,4.05,7.93,33.81,0.0,1.01,0.00,0.00,87.26,12.26,13.62,47.37,4.99,7.05,41.45,0.0,0.0,-,0.00,100.00,22.01,19.7,52.77,12.65,9.3,57.62,0.0,0.0,-,0.0,100.0,0.0,96.0,0.96,21340
138,"2019-10-12 - Capitals 4, Stars 1",Washington Capitals,Limited ReportFull Report,39.566666666667,43.88,30.29,59.16,36.65,21.08,63.48,21.92,14.16,60.75,2.13,0.92,69.93,1.89,1.01,65.26,19.97,13.99,58.8,8.93,3.44,72.16,6.66,2.57,72.15,2.14,0.0,100.00,32.15,100.00,11.27,10.29,52.29,4.27,5.47,43.83,0.0,0.96,0.00,0.00,82.45,20.29,12.28,62.3,11.17,4.39,71.77,0.0,0.0,-,0.0,100.0,9.73,93.52,1.033,18532
139,"2019-10-12 - Capitals 4, Stars 1",Dallas Stars,Limited ReportFull Report,39.566666666667,30.29,43.88,40.84,21.08,36.65,36.52,14.16,21.92,39.25,0.92,2.13,30.07,1.01,1.89,34.74,13.99,19.97,41.2,3.44,8.93,27.84,2.57,6.66,27.85,0.0,2.14,0.00,0.00,67.85,10.29,11.27,47.71,5.47,4.27,56.17,0.96,0.0,100.00,17.55,100.00,12.28,20.29,37.7,4.39,11.17,28.23,0.0,0.0,-,0.0,100.0,6.48,90.27,0.9670000000000001,18532
140,"2019-10-12 - Penguins 7, Wild 4",Pittsburgh Penguins,Limited ReportFull Report,50.6,46.58,39.07,54.39,38.17,27.53,58.1,31.18,24.14,56.36,3.21,2.75,53.83,1.27,1.55,45.0,14.62,14.79,49.72,4.53,10.3,30.54,3.41,8.66,28.27,1.09,0.91,54.61,32.01,89.51,10.23,4.3,70.42,9.82,0.93,91.36,2.01,0.0,100.00,20.48,100.00,23.95,19.05,55.7,13.56,14.25,48.77,0.0,1.76,0.00,0.0,87.62,10.29,88.6,0.9890000000000001,19157
141,"2019-10-12 - Penguins 7, Wild 4",Minnesota Wild,Limited ReportFull Report,50.6,39.07,46.58,45.61,27.53,38.17,41.9,24.14,31.18,43.64,2.75,3.21,46.17,1.55,1.27,55.0,14.79,14.62,50.28,10.3,4.53,69.46,8.66,3.41,71.73,0.91,1.09,45.39,10.49,67.99,4.3,10.23,29.58,0.93,9.82,8.64,0.0,2.01,0.00,0.00,79.52,19.05,23.95,44.3,14.25,13.56,51.23,1.76,0.0,100.00,12.38,100.0,11.4,89.71,1.011,19157
142,"2019-10-12 - Coyotes 2, Avalanche 3",Arizona Coyotes,Limited ReportFull Report,47.0,42.37,32.6,56.52,31.49,25.68,55.08,27.34,20.89,56.69,2.03,0.99,67.2,1.24,1.45,46.19,11.27,16.5,40.57,3.07,3.82,44.59,3.04,3.86,44.01,0.0,0.0,-,0.00,100.00,8.1,12.84,38.69,5.09,10.82,32.01,1.06,0.94,52.90,20.78,91.29,28.19,15.74,64.16,18.01,6.06,74.82,0.93,0.0,100.00,5.17,100.0,7.41,95.27,1.0270000000000001,18053
143,"2019-10-12 - Coyotes 2, Avalanche 3",Colorado Avalanche,Limited ReportFull Report,47.0,32.6,42.37,43.48,25.68,31.49,44.92,20.89,27.34,43.31,0.99,2.03,32.8,1.45,1.24,53.81,16.5,11.27,59.43,3.82,3.07,55.41,3.86,3.04,55.99,0.0,0.0,-,0.00,100.00,12.84,8.1,61.31,10.82,5.09,67.99,0.94,1.06,47.10,8.71,79.22,15.74,28.19,35.84,6.06,18.01,25.18,0.0,0.93,0.00,0.0,94.83,4.73,92.59,0.973,18053
144,"2019-10-12 - Flyers 2, Canucks 3",Philadelphia Flyers,Limited ReportFull Report,52.95,49.4,41.39,54.41,34.31,30.58,52.88,26.37,19.22,57.84,1.01,1.89,34.89,1.66,1.55,51.64,18.18,17.76,50.58,5.14,5.8,47.0,4.09,2.84,59.04,0.0,1.88,0.00,0.00,33.65,12.87,12.11,51.52,9.05,7.9,53.4,1.06,0.0,100.00,11.69,100.00,27.56,18.11,60.35,11.26,4.31,72.33,0.0,0.0,-,0.0,100.0,3.84,90.18,0.94,18652
145,"2019-10-12 - Flyers 2, Canucks 3",Vancouver Canucks,Limited ReportFull Report,52.95,41.39,49.4,45.59,30.58,34.31,47.12,19.22,26.37,42.16,1.89,1.01,65.11,1.55,1.66,48.36,17.76,18.18,49.42,5.8,5.14,53.0,2.84,4.09,40.96,1.88,0.0,100.00,66.35,100.00,12.11,12.87,48.48,7.9,9.05,46.6,0.0,1.06,0.00,0.00,88.31,18.11,27.56,39.65,4.31,11.26,27.67,0.0,0.0,-,0.0,100.0,9.82,96.16,1.06,18652
146,"2019-10-12 - Flames 2, Golden Knights 6",Calgary Flames,Limited ReportFull Report,43.866666666667,43.12,41.29,51.09,29.23,31.07,48.48,21.4,25.77,45.37,2.07,5.78,26.35,1.39,1.93,41.96,11.87,17.83,39.96,7.02,6.74,51.01,4.03,5.8,40.98,0.0,2.8,0.00,0.00,51.75,4.89,11.27,30.26,3.03,11.03,21.57,0.0,2.92,0.00,0.00,73.52,26.75,20.88,56.15,12.11,8.91,57.6,1.99,0.0,100.00,16.45,100.0,9.66,77.56,0.872,18192
147,"2019-10-12 - Flames 2, Golden Knights 6",Vegas Golden Knights,Limited ReportFull Report,43.866666666667,41.29,43.12,48.91,31.07,29.23,51.52,25.77,21.4,54.63,5.78,2.07,73.65,1.93,1.39,58.04,17.83,11.87,60.04,6.74,7.02,48.99,5.8,4.03,59.02,2.8,0.0,100.00,48.25,100.00,11.27,4.89,69.74,11.03,3.03,78.43,2.92,0.0,100.00,26.48,100.00,20.88,26.75,43.85,8.91,12.11,42.4,0.0,1.99,0.00,0.0,83.55,22.44,90.34,1.128,18192
148,"2019-10-13 - Penguins 7, Jets 2",Pittsburgh Penguins,Limited ReportFull Report,46.666666666667005,38.31,39.82,49.04,24.61,28.19,46.61,20.33,21.34,48.79,5.3,0.94,84.88,1.45,1.27,53.19,14.02,13.81,50.38,6.44,3.67,63.68,6.4,1.95,76.59,3.17,0.0,100.00,49.64,100.00,7.68,10.13,43.11,5.35,3.82,58.35,2.01,0.0,100.00,37.64,100.00,20.31,23.24,46.63,8.7,14.41,37.63,0.0,0.95,0.00,0.0,93.44,26.05,95.58,1.216,15325
149,"2019-10-13 - Penguins 7, Jets 2",Winnipeg Jets,Limited ReportFull Report,46.666666666667005,39.82,38.31,50.96,28.19,24.61,53.39,21.34,20.33,51.21,0.94,5.3,15.12,1.27,1.45,46.81,13.81,14.02,49.62,3.67,6.44,36.32,1.95,6.4,23.41,0.0,3.17,0.00,0.00,50.36,10.13,7.68,56.89,3.82,5.35,41.65,0.0,2.01,0.00,0.00,62.36,23.24,20.31,53.37,14.41,8.7,62.37,0.95,0.0,100.00,6.56,100.0,4.42,73.95,0.784,15325
150,"2019-10-13 - Golden Knights 5, Kings 2",Vegas Golden Knights,Limited ReportFull Report,50.133333333333,58.12,46.72,55.44,48.33,40.01,54.71,27.87,28.05,49.84,2.11,1.87,52.98,2.63,2.0,56.73,29.42,23.46,55.64,11.62,10.27,53.07,8.11,8.63,48.45,1.07,0.91,54.12,13.20,89.48,18.12,12.87,58.47,8.58,6.3,57.66,0.0,0.0,-,0.00,100.00,24.75,21.08,54.0,8.91,12.87,40.91,1.05,0.88,54.39,11.83,93.14,7.55,93.34,1.0090000000000001,17699
151,"2019-10-13 - Golden Knights 5, Kings 2",Los Angeles Kings,Limited ReportFull Report,50.133333333333,46.72,58.12,44.56,40.01,48.33,45.29,28.05,27.87,50.16,1.87,2.11,47.02,2.0,2.63,43.27,23.46,29.42,44.36,10.27,11.62,46.93,8.63,8.11,51.55,0.91,1.07,45.88,10.52,86.80,12.87,18.12,41.53,6.3,8.58,42.34,0.0,0.0,-,0.00,100.00,21.08,24.75,46.0,12.87,8.91,59.09,0.88,1.05,45.61,6.86,88.17,6.66,92.45,0.991,17699
152,"2019-10-13 - Flames 1, Sharks 3",Calgary Flames,Limited ReportFull Report,45.45,43.85,37.14,54.14,32.44,27.09,54.5,26.72,17.74,60.11,1.01,1.93,34.43,1.37,0.72,65.51,14.79,11.03,57.28,3.12,1.93,61.75,3.08,1.95,61.19,0.0,0.94,0.00,0.00,51.83,11.35,9.26,55.07,8.88,3.99,69.01,1.02,0.94,52.07,11.52,76.38,20.23,24.93,44.8,9.91,11.1,47.17,0.0,0.0,-,0.0,100.0,3.8,89.11,0.929,16250
153,"2019-10-13 - Flames 1, Sharks 3",San Jose Sharks,Limited ReportFull Report,45.45,37.14,43.85,45.86,27.09,32.44,45.5,17.74,26.72,39.89,1.93,1.01,65.57,0.72,1.37,34.49,11.03,14.79,42.72,1.93,3.12,38.25,1.95,3.08,38.81,0.94,0.0,100.00,48.17,100.00,9.26,11.35,44.93,3.99,8.88,30.99,0.94,1.02,47.93,23.62,88.48,24.93,20.23,55.2,11.1,9.91,52.83,0.0,0.0,-,0.0,100.0,10.89,96.2,1.071,16250
154,"2019-10-14 - Ducks 2, Bruins 4",Anaheim Ducks,Limited ReportFull Report,45.23333333333299,38.29,36.0,51.54,30.59,29.24,51.13,21.88,16.62,56.84,2.02,1.98,50.52,2.13,1.25,62.93,25.51,15.32,62.49,12.93,4.94,72.37,10.79,2.96,78.45,0.0,0.0,-,0.00,100.00,12.38,10.63,53.81,7.86,5.04,60.93,2.02,1.88,51.75,25.69,62.64,11.9,15.99,42.67,3.69,5.37,40.73,0.0,0.0,-,0.0,100.0,9.22,88.1,0.973,17193
155,"2019-10-14 - Ducks 2, Bruins 4",Boston Bruins,Limited ReportFull Report,45.23333333333299,36.0,38.29,48.46,29.24,30.59,48.87,16.62,21.88,43.16,1.98,2.02,49.48,1.25,2.13,37.07,15.32,25.51,37.51,4.94,12.93,27.63,2.96,10.79,21.55,0.0,0.0,-,0.00,100.00,10.63,12.38,46.19,5.04,7.86,39.07,1.88,2.02,48.25,37.36,74.31,15.99,11.9,57.33,5.37,3.69,59.27,0.0,0.0,-,0.0,100.0,11.9,90.78,1.0270000000000001,17193
156,"2019-10-14 - Wild 2, Senators 0",Minnesota Wild,Limited ReportFull Report,37.85,41.46,32.47,56.08,30.06,21.93,57.82,24.8,14.32,63.39,1.06,0.0,100.0,2.03,1.2,62.89,22.13,14.16,60.98,9.59,4.67,67.23,6.32,2.84,69.02,0.0,0.0,-,0.00,100.00,12.58,9.49,57.01,8.27,4.77,63.42,1.05,0.0,100.00,12.72,100.00,17.49,13.5,56.45,9.21,5.74,61.6,0.0,0.0,-,0.0,100.0,4.26,100.0,1.043,11500
157,"2019-10-14 - Wild 2, Senators 0",Ottawa Senators,Limited ReportFull Report,37.85,32.47,41.46,43.92,21.93,30.06,42.18,14.32,24.8,36.61,0.0,1.06,0.0,1.2,2.03,37.11,14.16,22.13,39.02,4.67,9.59,32.77,2.84,6.32,30.98,0.0,0.0,-,0.00,100.00,9.49,12.58,42.99,4.77,8.27,36.58,0.0,1.05,0.00,0.00,87.28,13.5,17.49,43.55,5.74,9.21,38.4,0.0,0.0,-,0.0,100.0,0.0,95.74,0.9570000000000001,11500
158,"2019-10-14 - Panthers 6, Devils 4",Florida Panthers,Limited ReportFull Report,44.816666666667004,46.49,26.08,64.06,39.64,18.97,67.64,28.63,16.0,64.15,5.14,3.84,57.24,2.0,1.07,65.21,20.8,13.48,60.67,5.38,5.76,48.28,5.33,4.81,52.56,1.06,1.91,35.71,19.86,60.38,15.27,7.67,66.57,11.25,4.89,69.71,3.07,1.9,61.76,27.32,61.06,24.86,12.39,66.74,10.99,6.36,63.35,0.94,0.0,100.00,8.54,100.0,17.97,75.99,0.94,13208
159,"2019-10-14 - Panthers 6, Devils 4",New Jersey Devils,Limited ReportFull Report,44.816666666667004,26.08,46.49,35.94,18.97,39.64,32.36,16.0,28.63,35.85,3.84,5.14,42.76,1.07,2.0,34.79,13.48,20.8,39.33,5.76,5.38,51.72,4.81,5.33,47.44,1.91,1.06,64.29,39.62,80.14,7.67,15.27,33.43,4.89,11.25,30.29,1.9,3.07,38.24,38.94,72.68,12.39,24.86,33.26,6.36,10.99,36.65,0.0,0.94,0.00,0.0,91.46,24.01,82.03,1.06,13208
160,"2019-10-14 - Blues 2, Islanders 3",St Louis Blues,Limited ReportFull Report,53.75,47.61,42.1,53.07,29.54,24.52,54.64,21.78,21.0,50.91,1.06,0.95,52.62,1.1,1.36,44.61,18.81,18.86,49.93,6.7,8.82,43.19,4.45,7.96,35.87,0.0,0.0,-,0.00,100.00,12.34,9.83,55.65,6.46,4.68,57.95,0.0,0.0,-,0.00,100.00,25.28,19.92,55.93,10.89,7.31,59.82,1.05,0.88,54.39,9.68,87.92,4.85,95.47,1.003,10355
161,"2019-10-14 - Blues 2, Islanders 3",New York Islanders,Limited ReportFull Report,53.75,42.1,47.61,46.93,24.52,29.54,45.36,21.0,21.78,49.09,0.95,1.06,47.38,1.36,1.1,55.39,18.86,18.81,50.07,8.82,6.7,56.81,7.96,4.45,64.13,0.0,0.0,-,0.00,100.00,9.83,12.34,44.35,4.68,6.46,42.05,0.0,0.0,-,0.00,100.00,19.92,25.28,44.07,7.31,10.89,40.18,0.88,1.05,45.61,12.08,90.32,4.53,95.15,0.997,10355
162,"2019-10-14 - Stars 0, Sabres 4",Dallas Stars,Limited ReportFull Report,52.6,37.77,41.1,47.89,30.75,32.47,48.64,22.85,21.29,51.77,0.0,2.97,0.0,1.1,1.04,51.38,10.79,9.84,52.28,3.0,2.02,59.71,2.96,1.03,74.24,0.0,0.96,0.00,0.00,5.97,7.63,7.9,49.15,4.0,4.91,44.9,0.0,0.94,0.00,0.00,80.81,25.21,26.01,49.22,14.42,14.66,49.6,0.0,1.06,0.00,0.0,92.76,0.0,86.05,0.861,16595
163,"2019-10-14 - Stars 0, Sabres 4",Buffalo Sabres,Limited ReportFull Report,52.6,41.1,37.77,52.11,32.47,30.75,51.36,21.29,22.85,48.23,2.97,0.0,100.0,1.04,1.1,48.62,9.84,10.79,47.72,2.02,3.0,40.29,1.03,2.96,25.76,0.96,0.0,100.00,94.03,100.00,7.9,7.63,50.85,4.91,4.0,55.1,0.94,0.0,100.00,19.19,100.00,26.01,25.21,50.78,14.66,14.42,50.4,1.06,0.0,100.00,7.24,100.0,13.95,100.0,1.139,16595
164,"2019-10-14 - Avalanche 6, Capitals 3",Colorado Avalanche,Limited ReportFull Report,46.23333333333299,51.34,38.54,57.12,32.24,26.62,54.77,22.91,19.76,53.7,4.23,0.92,82.18,1.34,1.62,45.31,20.67,19.68,51.23,6.96,5.91,54.08,5.8,5.0,53.72,2.15,0.91,70.34,37.12,81.83,13.98,13.51,50.86,5.55,9.01,38.15,0.97,0.0,100.00,17.50,100.00,24.67,14.18,63.49,11.72,5.77,67.02,1.05,0.0,100.00,8.99,100.0,18.46,95.36,1.138,18573
165,"2019-10-14 - Avalanche 6, Capitals 3",Washington Capitals,Limited ReportFull Report,46.23333333333299,38.54,51.34,42.88,26.62,32.24,45.23,19.76,22.91,46.3,0.92,4.23,17.82,1.62,1.34,54.69,19.68,20.67,48.77,5.91,6.96,45.92,5.0,5.8,46.28,0.91,2.15,29.66,18.17,62.88,13.51,13.98,49.14,9.01,5.55,61.85,0.0,0.97,0.00,0.00,82.50,14.18,24.67,36.51,5.77,11.72,32.98,0.0,1.05,0.00,0.0,91.01,4.64,81.54,0.862,18573
166,"2019-10-14 - Oilers 1, Blackhawks 3",Edmonton Oilers,Limited ReportFull Report,46.033333333333,37.48,50.32,42.69,26.89,37.0,42.09,24.88,26.07,48.83,0.0,1.93,0.0,1.61,1.88,46.04,18.23,30.2,37.64,9.26,9.61,49.07,8.1,5.88,57.94,0.0,0.99,0.00,0.00,83.17,8.91,20.79,30.0,4.06,9.82,29.27,0.0,0.95,0.00,0.00,90.34,17.77,18.35,49.2,11.8,10.34,53.32,0.0,0.0,-,0.0,100.0,0.0,92.59,0.9259999999999999,21260
167,"2019-10-14 - Oilers 1, Blackhawks 3",Chicago Blackhawks,Limited ReportFull Report,46.033333333333,50.32,37.48,57.31,37.0,26.89,57.91,26.07,24.88,51.17,1.93,0.0,100.0,1.88,1.61,53.96,30.2,18.23,62.36,9.61,9.26,50.93,5.88,8.1,42.06,0.99,0.0,100.00,16.83,100.00,20.79,8.91,70.0,9.82,4.06,70.73,0.95,0.0,100.00,9.66,100.00,18.35,17.77,50.8,10.34,11.8,46.68,0.0,0.0,-,0.0,100.0,7.41,100.0,1.074,21260
